 SHGOLD, Au(T+D), Profit,30699.75880, TradeCount = 1612,ex_dLots=1,ex_nIsNewOrder=1000000,ex_bIsNewSession=true,ex_dOpen_abs=0.150,ex_dClose_abs=0.150,ex_dOpen_ma=0.150,ex_dClose_ma=0.150,ex_nCCPeriod=50.000,ex_nMAPeriod=50.000,ex_dRenkoStep=0.100,ex_dP_ABS=500,ex_dP_MIN=100,ex_sProductType=AB05C,ex_bPublishRates=true,, TRADE_VIEW_MT5, XAUUSD, Profit,-4397.03968, TradeCount = 1612,, TRADE_VIEW_MT5, USDCNH, Profit,-122975.37650, TradeCount = 1612,,
 SHGOLD, Au(T+D), Profit,80350.41640, TradeCount = 1190,ex_dLots=1,ex_nIsNewOrder=1000000,ex_bIsNewSession=true,ex_dOpen_abs=0.150,ex_dClose_abs=0.150,ex_dOpen_ma=0.150,ex_dClose_ma=0.150,ex_nCCPeriod=50.000,ex_nMAPeriod=50.000,ex_dRenkoStep=0.150,ex_dP_ABS=500,ex_dP_MIN=100,ex_sProductType=AB05C,ex_bPublishRates=true,, TRADE_VIEW_MT5, XAUUSD, Profit,-5589.34920, TradeCount = 1190,, TRADE_VIEW_MT5, USDCNH, Profit,-68882.23885, TradeCount = 1190,,
 SHGOLD, Au(T+D), Profit,87116.54400, TradeCount = 940,ex_dLots=1,ex_nIsNewOrder=1000000,ex_bIsNewSession=true,ex_dOpen_abs=0.150,ex_dClose_abs=0.150,ex_dOpen_ma=0.150,ex_dClose_ma=0.150,ex_nCCPeriod=50.000,ex_nMAPeriod=50.000,ex_dRenkoStep=0.200,ex_dP_ABS=500,ex_dP_MIN=100,ex_sProductType=AB05C,ex_bPublishRates=true,, TRADE_VIEW_MT5, XAUUSD, Profit,-2465.85880, TradeCount = 940,, TRADE_VIEW_MT5, USDCNH, Profit,-66946.92915, TradeCount = 940,,
 SHGOLD, Au(T+D), Profit,27780.08680, TradeCount = 1713,ex_dLots=1,ex_nIsNewOrder=1000000,ex_bIsNewSession=true,ex_dOpen_abs=0.150,ex_dClose_abs=0.150,ex_dOpen_ma=0.150,ex_dClose_ma=0.150,ex_nCCPeriod=50.000,ex_nMAPeriod=100.000,ex_dRenkoStep=0.100,ex_dP_ABS=500,ex_dP_MIN=100,ex_sProductType=AB05C,ex_bPublishRates=true,, TRADE_VIEW_MT5, XAUUSD, Profit,-3406.17208, TradeCount = 1713,, TRADE_VIEW_MT5, USDCNH, Profit,-142001.91145, TradeCount = 1713,,
 SHGOLD, Au(T+D), Profit,65913.56800, TradeCount = 1252,ex_dLots=1,ex_nIsNewOrder=1000000,ex_bIsNewSession=true,ex_dOpen_abs=0.150,ex_dClose_abs=0.150,ex_dOpen_ma=0.150,ex_dClose_ma=0.150,ex_nCCPeriod=50.000,ex_nMAPeriod=100.000,ex_dRenkoStep=0.150,ex_dP_ABS=500,ex_dP_MIN=100,ex_sProductType=AB05C,ex_bPublishRates=true,, TRADE_VIEW_MT5, XAUUSD, Profit,-3583.51600, TradeCount = 1252,, TRADE_VIEW_MT5, USDCNH, Profit,-69402.32175, TradeCount = 1252,,
 SHGOLD, Au(T+D), Profit,89819.87480, TradeCount = 972,ex_dLots=1,ex_nIsNewOrder=1000000,ex_bIsNewSession=true,ex_dOpen_abs=0.150,ex_dClose_abs=0.150,ex_dOpen_ma=0.150,ex_dClose_ma=0.150,ex_nCCPeriod=50.000,ex_nMAPeriod=100.000,ex_dRenkoStep=0.200,ex_dP_ABS=500,ex_dP_MIN=100,ex_sProductType=AB05C,ex_bPublishRates=true,, TRADE_VIEW_MT5, XAUUSD, Profit,-2981.66080, TradeCount = 972,, TRADE_VIEW_MT5, USDCNH, Profit,-65652.68350, TradeCount = 972,,
 SHGOLD, Au(T+D), Profit,73418.68360, TradeCount = 1276,ex_dLots=1,ex_nIsNewOrder=1000000,ex_bIsNewSession=true,ex_dOpen_abs=0.150,ex_dClose_abs=0.150,ex_dOpen_ma=0.150,ex_dClose_ma=0.150,ex_nCCPeriod=100.000,ex_nMAPeriod=50.000,ex_dRenkoStep=0.100,ex_dP_ABS=500,ex_dP_MIN=100,ex_sProductType=AB05C,ex_bPublishRates=true,, TRADE_VIEW_MT5, XAUUSD, Profit,-1274.50168, TradeCount = 1276,, TRADE_VIEW_MT5, USDCNH, Profit,-100465.08445, TradeCount = 1276,,
 SHGOLD, Au(T+D), Profit,88951.91840, TradeCount = 940,ex_dLots=1,ex_nIsNewOrder=1000000,ex_bIsNewSession=true,ex_dOpen_abs=0.150,ex_dClose_abs=0.150,ex_dOpen_ma=0.150,ex_dClose_ma=0.150,ex_nCCPeriod=100.000,ex_nMAPeriod=50.000,ex_dRenkoStep=0.150,ex_dP_ABS=500,ex_dP_MIN=100,ex_sProductType=AB05C,ex_bPublishRates=true,, TRADE_VIEW_MT5, XAUUSD, Profit,-1308.63792, TradeCount = 940,, TRADE_VIEW_MT5, USDCNH, Profit,-72072.68615, TradeCount = 940,,
 SHGOLD, Au(T+D), Profit,15473.01080, TradeCount = 753,ex_dLots=1,ex_nIsNewOrder=1000000,ex_bIsNewSession=true,ex_dOpen_abs=0.150,ex_dClose_abs=0.150,ex_dOpen_ma=0.150,ex_dClose_ma=0.150,ex_nCCPeriod=100.000,ex_nMAPeriod=50.000,ex_dRenkoStep=0.200,ex_dP_ABS=500,ex_dP_MIN=100,ex_sProductType=AB05C,ex_bPublishRates=true,, TRADE_VIEW_MT5, XAUUSD, Profit,5650.22480, TradeCount = 753,, TRADE_VIEW_MT5, USDCNH, Profit,-37747.55515, TradeCount = 753,,
 SHGOLD, Au(T+D), Profit,82462.03160, TradeCount = 1340,ex_dLots=1,ex_nIsNewOrder=1000000,ex_bIsNewSession=true,ex_dOpen_abs=0.150,ex_dClose_abs=0.150,ex_dOpen_ma=0.150,ex_dClose_ma=0.150,ex_nCCPeriod=100.000,ex_nMAPeriod=100.000,ex_dRenkoStep=0.100,ex_dP_ABS=500,ex_dP_MIN=100,ex_sProductType=AB05C,ex_bPublishRates=true,, TRADE_VIEW_MT5, XAUUSD, Profit,-2603.58000, TradeCount = 1340,, TRADE_VIEW_MT5, USDCNH, Profit,-103083.07900, TradeCount = 1340,,
 SHGOLD, Au(T+D), Profit,101117.73000, TradeCount = 976,ex_dLots=1,ex_nIsNewOrder=1000000,ex_bIsNewSession=true,ex_dOpen_abs=0.150,ex_dClose_abs=0.150,ex_dOpen_ma=0.150,ex_dClose_ma=0.150,ex_nCCPeriod=100.000,ex_nMAPeriod=100.000,ex_dRenkoStep=0.150,ex_dP_ABS=500,ex_dP_MIN=100,ex_sProductType=AB05C,ex_bPublishRates=true,, TRADE_VIEW_MT5, XAUUSD, Profit,-3818.75312, TradeCount = 976,, TRADE_VIEW_MT5, USDCNH, Profit,-67481.69985, TradeCount = 976,,
 SHGOLD, Au(T+D), Profit,9757.39880, TradeCount = 783,ex_dLots=1,ex_nIsNewOrder=1000000,ex_bIsNewSession=true,ex_dOpen_abs=0.150,ex_dClose_abs=0.150,ex_dOpen_ma=0.150,ex_dClose_ma=0.150,ex_nCCPeriod=100.000,ex_nMAPeriod=100.000,ex_dRenkoStep=0.200,ex_dP_ABS=500,ex_dP_MIN=100,ex_sProductType=AB05C,ex_bPublishRates=true,, TRADE_VIEW_MT5, XAUUSD, Profit,6740.02408, TradeCount = 783,, TRADE_VIEW_MT5, USDCNH, Profit,-40645.24120, TradeCount = 783,,
 SHGOLD, Au(T+D), Profit,71226.11240, TradeCount = 1343,ex_dLots=1,ex_nIsNewOrder=1000000,ex_bIsNewSession=true,ex_dOpen_abs=0.150,ex_dClose_abs=0.150,ex_dOpen_ma=0.150,ex_dClose_ma=0.200,ex_nCCPeriod=50.000,ex_nMAPeriod=50.000,ex_dRenkoStep=0.100,ex_dP_ABS=500,ex_dP_MIN=100,ex_sProductType=AB05C,ex_bPublishRates=true,, TRADE_VIEW_MT5, XAUUSD, Profit,-5121.36224, TradeCount = 1343,, TRADE_VIEW_MT5, USDCNH, Profit,-124157.19240, TradeCount = 1343,,
 SHGOLD, Au(T+D), Profit,63825.16520, TradeCount = 1015,ex_dLots=1,ex_nIsNewOrder=1000000,ex_bIsNewSession=true,ex_dOpen_abs=0.150,ex_dClose_abs=0.150,ex_dOpen_ma=0.150,ex_dClose_ma=0.200,ex_nCCPeriod=50.000,ex_nMAPeriod=50.000,ex_dRenkoStep=0.150,ex_dP_ABS=500,ex_dP_MIN=100,ex_sProductType=AB05C,ex_bPublishRates=true,, TRADE_VIEW_MT5, XAUUSD, Profit,665.62328, TradeCount = 1015,, TRADE_VIEW_MT5, USDCNH, Profit,-68147.18070, TradeCount = 1015,,
 SHGOLD, Au(T+D), Profit,98105.70680, TradeCount = 794,ex_dLots=1,ex_nIsNewOrder=1000000,ex_bIsNewSession=true,ex_dOpen_abs=0.150,ex_dClose_abs=0.150,ex_dOpen_ma=0.150,ex_dClose_ma=0.200,ex_nCCPeriod=50.000,ex_nMAPeriod=50.000,ex_dRenkoStep=0.200,ex_dP_ABS=500,ex_dP_MIN=100,ex_sProductType=AB05C,ex_bPublishRates=true,, TRADE_VIEW_MT5, XAUUSD, Profit,-2545.44808, TradeCount = 794,, TRADE_VIEW_MT5, USDCNH, Profit,-61673.31550, TradeCount = 794,,
 SHGOLD, Au(T+D), Profit,60402.35440, TradeCount = 1498,ex_dLots=1,ex_nIsNewOrder=1000000,ex_bIsNewSession=true,ex_dOpen_abs=0.150,ex_dClose_abs=0.150,ex_dOpen_ma=0.150,ex_dClose_ma=0.200,ex_nCCPeriod=50.000,ex_nMAPeriod=100.000,ex_dRenkoStep=0.100,ex_dP_ABS=500,ex_dP_MIN=100,ex_sProductType=AB05C,ex_bPublishRates=true,, TRADE_VIEW_MT5, XAUUSD, Profit,-6412.31320, TradeCount = 1498,, TRADE_VIEW_MT5, USDCNH, Profit,-124401.81350, TradeCount = 1498,,
 SHGOLD, Au(T+D), Profit,50586.83640, TradeCount = 1115,ex_dLots=1,ex_nIsNewOrder=1000000,ex_bIsNewSession=true,ex_dOpen_abs=0.150,ex_dClose_abs=0.150,ex_dOpen_ma=0.150,ex_dClose_ma=0.200,ex_nCCPeriod=50.000,ex_nMAPeriod=100.000,ex_dRenkoStep=0.150,ex_dP_ABS=500,ex_dP_MIN=100,ex_sProductType=AB05C,ex_bPublishRates=true,, TRADE_VIEW_MT5, XAUUSD, Profit,956.72072, TradeCount = 1115,, TRADE_VIEW_MT5, USDCNH, Profit,-57403.26430, TradeCount = 1115,,
 SHGOLD, Au(T+D), Profit,85866.43920, TradeCount = 872,ex_dLots=1,ex_nIsNewOrder=1000000,ex_bIsNewSession=true,ex_dOpen_abs=0.150,ex_dClose_abs=0.150,ex_dOpen_ma=0.150,ex_dClose_ma=0.200,ex_nCCPeriod=50.000,ex_nMAPeriod=100.000,ex_dRenkoStep=0.200,ex_dP_ABS=500,ex_dP_MIN=100,ex_sProductType=AB05C,ex_bPublishRates=true,, TRADE_VIEW_MT5, XAUUSD, Profit,-1991.49920, TradeCount = 872,, TRADE_VIEW_MT5, USDCNH, Profit,-53065.75295, TradeCount = 872,,
 SHGOLD, Au(T+D), Profit,104353.86000, TradeCount = 1052,ex_dLots=1,ex_nIsNewOrder=1000000,ex_bIsNewSession=true,ex_dOpen_abs=0.150,ex_dClose_abs=0.150,ex_dOpen_ma=0.150,ex_dClose_ma=0.200,ex_nCCPeriod=100.000,ex_nMAPeriod=50.000,ex_dRenkoStep=0.100,ex_dP_ABS=500,ex_dP_MIN=100,ex_sProductType=AB05C,ex_bPublishRates=true,, TRADE_VIEW_MT5, XAUUSD, Profit,-3754.42512, TradeCount = 1052,, TRADE_VIEW_MT5, USDCNH, Profit,-85125.62085, TradeCount = 1052,,
 SHGOLD, Au(T+D), Profit,104266.80560, TradeCount = 795,ex_dLots=1,ex_nIsNewOrder=1000000,ex_bIsNewSession=true,ex_dOpen_abs=0.150,ex_dClose_abs=0.150,ex_dOpen_ma=0.150,ex_dClose_ma=0.200,ex_nCCPeriod=100.000,ex_nMAPeriod=50.000,ex_dRenkoStep=0.150,ex_dP_ABS=500,ex_dP_MIN=100,ex_sProductType=AB05C,ex_bPublishRates=true,, TRADE_VIEW_MT5, XAUUSD, Profit,-2628.64024, TradeCount = 795,, TRADE_VIEW_MT5, USDCNH, Profit,-58747.57290, TradeCount = 795,,
 SHGOLD, Au(T+D), Profit,27241.51320, TradeCount = 625,ex_dLots=1,ex_nIsNewOrder=1000000,ex_bIsNewSession=true,ex_dOpen_abs=0.150,ex_dClose_abs=0.150,ex_dOpen_ma=0.150,ex_dClose_ma=0.200,ex_nCCPeriod=100.000,ex_nMAPeriod=50.000,ex_dRenkoStep=0.200,ex_dP_ABS=500,ex_dP_MIN=100,ex_sProductType=AB05C,ex_bPublishRates=true,, TRADE_VIEW_MT5, XAUUSD, Profit,4836.60696, TradeCount = 625,, TRADE_VIEW_MT5, USDCNH, Profit,-24339.49355, TradeCount = 625,,
 SHGOLD, Au(T+D), Profit,82438.68400, TradeCount = 1175,ex_dLots=1,ex_nIsNewOrder=1000000,ex_bIsNewSession=true,ex_dOpen_abs=0.150,ex_dClose_abs=0.150,ex_dOpen_ma=0.150,ex_dClose_ma=0.200,ex_nCCPeriod=100.000,ex_nMAPeriod=100.000,ex_dRenkoStep=0.100,ex_dP_ABS=500,ex_dP_MIN=100,ex_sProductType=AB05C,ex_bPublishRates=true,, TRADE_VIEW_MT5, XAUUSD, Profit,-1643.22568, TradeCount = 1175,, TRADE_VIEW_MT5, USDCNH, Profit,-83576.24540, TradeCount = 1175,,
 SHGOLD, Au(T+D), Profit,101852.35400, TradeCount = 872,ex_dLots=1,ex_nIsNewOrder=1000000,ex_bIsNewSession=true,ex_dOpen_abs=0.150,ex_dClose_abs=0.150,ex_dOpen_ma=0.150,ex_dClose_ma=0.200,ex_nCCPeriod=100.000,ex_nMAPeriod=100.000,ex_dRenkoStep=0.150,ex_dP_ABS=500,ex_dP_MIN=100,ex_sProductType=AB05C,ex_bPublishRates=true,, TRADE_VIEW_MT5, XAUUSD, Profit,-3093.53936, TradeCount = 872,, TRADE_VIEW_MT5, USDCNH, Profit,-52260.13080, TradeCount = 872,,
 SHGOLD, Au(T+D), Profit,6940.49440, TradeCount = 718,ex_dLots=1,ex_nIsNewOrder=1000000,ex_bIsNewSession=true,ex_dOpen_abs=0.150,ex_dClose_abs=0.150,ex_dOpen_ma=0.150,ex_dClose_ma=0.200,ex_nCCPeriod=100.000,ex_nMAPeriod=100.000,ex_dRenkoStep=0.200,ex_dP_ABS=500,ex_dP_MIN=100,ex_sProductType=AB05C,ex_bPublishRates=true,, TRADE_VIEW_MT5, XAUUSD, Profit,9191.11048, TradeCount = 718,, TRADE_VIEW_MT5, USDCNH, Profit,-38433.51405, TradeCount = 718,,
 SHGOLD, Au(T+D), Profit,81367.47640, TradeCount = 1433,ex_dLots=1,ex_nIsNewOrder=1000000,ex_bIsNewSession=true,ex_dOpen_abs=0.150,ex_dClose_abs=0.150,ex_dOpen_ma=0.200,ex_dClose_ma=0.150,ex_nCCPeriod=50.000,ex_nMAPeriod=50.000,ex_dRenkoStep=0.100,ex_dP_ABS=500,ex_dP_MIN=100,ex_sProductType=AB05C,ex_bPublishRates=true,, TRADE_VIEW_MT5, XAUUSD, Profit,-9205.66936, TradeCount = 1433,, TRADE_VIEW_MT5, USDCNH, Profit,-111238.56275, TradeCount = 1433,,
 SHGOLD, Au(T+D), Profit,80780.22320, TradeCount = 1081,ex_dLots=1,ex_nIsNewOrder=1000000,ex_bIsNewSession=true,ex_dOpen_abs=0.150,ex_dClose_abs=0.150,ex_dOpen_ma=0.200,ex_dClose_ma=0.150,ex_nCCPeriod=50.000,ex_nMAPeriod=50.000,ex_dRenkoStep=0.150,ex_dP_ABS=500,ex_dP_MIN=100,ex_sProductType=AB05C,ex_bPublishRates=true,, TRADE_VIEW_MT5, XAUUSD, Profit,-3299.38752, TradeCount = 1081,, TRADE_VIEW_MT5, USDCNH, Profit,-66627.99160, TradeCount = 1081,,
 SHGOLD, Au(T+D), Profit,92873.72760, TradeCount = 839,ex_dLots=1,ex_nIsNewOrder=1000000,ex_bIsNewSession=true,ex_dOpen_abs=0.150,ex_dClose_abs=0.150,ex_dOpen_ma=0.200,ex_dClose_ma=0.150,ex_nCCPeriod=50.000,ex_nMAPeriod=50.000,ex_dRenkoStep=0.200,ex_dP_ABS=500,ex_dP_MIN=100,ex_sProductType=AB05C,ex_bPublishRates=true,, TRADE_VIEW_MT5, XAUUSD, Profit,-2493.13944, TradeCount = 839,, TRADE_VIEW_MT5, USDCNH, Profit,-59682.42170, TradeCount = 839,,
 SHGOLD, Au(T+D), Profit,66964.42200, TradeCount = 1572,ex_dLots=1,ex_nIsNewOrder=1000000,ex_bIsNewSession=true,ex_dOpen_abs=0.150,ex_dClose_abs=0.150,ex_dOpen_ma=0.200,ex_dClose_ma=0.150,ex_nCCPeriod=50.000,ex_nMAPeriod=100.000,ex_dRenkoStep=0.100,ex_dP_ABS=500,ex_dP_MIN=100,ex_sProductType=AB05C,ex_bPublishRates=true,, TRADE_VIEW_MT5, XAUUSD, Profit,-8742.15056, TradeCount = 1572,, TRADE_VIEW_MT5, USDCNH, Profit,-116287.65960, TradeCount = 1572,,
 SHGOLD, Au(T+D), Profit,69359.39080, TradeCount = 1166,ex_dLots=1,ex_nIsNewOrder=1000000,ex_bIsNewSession=true,ex_dOpen_abs=0.150,ex_dClose_abs=0.150,ex_dOpen_ma=0.200,ex_dClose_ma=0.150,ex_nCCPeriod=50.000,ex_nMAPeriod=100.000,ex_dRenkoStep=0.150,ex_dP_ABS=500,ex_dP_MIN=100,ex_sProductType=AB05C,ex_bPublishRates=true,, TRADE_VIEW_MT5, XAUUSD, Profit,-2168.09384, TradeCount = 1166,, TRADE_VIEW_MT5, USDCNH, Profit,-61639.49055, TradeCount = 1166,,
 SHGOLD, Au(T+D), Profit,90574.02320, TradeCount = 908,ex_dLots=1,ex_nIsNewOrder=1000000,ex_bIsNewSession=true,ex_dOpen_abs=0.150,ex_dClose_abs=0.150,ex_dOpen_ma=0.200,ex_dClose_ma=0.150,ex_nCCPeriod=50.000,ex_nMAPeriod=100.000,ex_dRenkoStep=0.200,ex_dP_ABS=500,ex_dP_MIN=100,ex_sProductType=AB05C,ex_bPublishRates=true,, TRADE_VIEW_MT5, XAUUSD, Profit,-2249.74272, TradeCount = 908,, TRADE_VIEW_MT5, USDCNH, Profit,-60887.76085, TradeCount = 908,,
 SHGOLD, Au(T+D), Profit,84035.59520, TradeCount = 1128,ex_dLots=1,ex_nIsNewOrder=1000000,ex_bIsNewSession=true,ex_dOpen_abs=0.150,ex_dClose_abs=0.150,ex_dOpen_ma=0.200,ex_dClose_ma=0.150,ex_nCCPeriod=100.000,ex_nMAPeriod=50.000,ex_dRenkoStep=0.100,ex_dP_ABS=500,ex_dP_MIN=100,ex_sProductType=AB05C,ex_bPublishRates=true,, TRADE_VIEW_MT5, XAUUSD, Profit,-1736.03928, TradeCount = 1128,, TRADE_VIEW_MT5, USDCNH, Profit,-80993.78355, TradeCount = 1128,,
 SHGOLD, Au(T+D), Profit,101856.23760, TradeCount = 835,ex_dLots=1,ex_nIsNewOrder=1000000,ex_bIsNewSession=true,ex_dOpen_abs=0.150,ex_dClose_abs=0.150,ex_dOpen_ma=0.200,ex_dClose_ma=0.150,ex_nCCPeriod=100.000,ex_nMAPeriod=50.000,ex_dRenkoStep=0.150,ex_dP_ABS=500,ex_dP_MIN=100,ex_sProductType=AB05C,ex_bPublishRates=true,, TRADE_VIEW_MT5, XAUUSD, Profit,-2698.32768, TradeCount = 835,, TRADE_VIEW_MT5, USDCNH, Profit,-62307.84295, TradeCount = 835,,
 SHGOLD, Au(T+D), Profit,29260.69880, TradeCount = 664,ex_dLots=1,ex_nIsNewOrder=1000000,ex_bIsNewSession=true,ex_dOpen_abs=0.150,ex_dClose_abs=0.150,ex_dOpen_ma=0.200,ex_dClose_ma=0.150,ex_nCCPeriod=100.000,ex_nMAPeriod=50.000,ex_dRenkoStep=0.200,ex_dP_ABS=500,ex_dP_MIN=100,ex_sProductType=AB05C,ex_bPublishRates=true,, TRADE_VIEW_MT5, XAUUSD, Profit,3876.23800, TradeCount = 664,, TRADE_VIEW_MT5, USDCNH, Profit,-27370.68655, TradeCount = 664,,
 SHGOLD, Au(T+D), Profit,85066.93400, TradeCount = 1242,ex_dLots=1,ex_nIsNewOrder=1000000,ex_bIsNewSession=true,ex_dOpen_abs=0.150,ex_dClose_abs=0.150,ex_dOpen_ma=0.200,ex_dClose_ma=0.150,ex_nCCPeriod=100.000,ex_nMAPeriod=100.000,ex_dRenkoStep=0.100,ex_dP_ABS=500,ex_dP_MIN=100,ex_sProductType=AB05C,ex_bPublishRates=true,, TRADE_VIEW_MT5, XAUUSD, Profit,-1890.30544, TradeCount = 1242,, TRADE_VIEW_MT5, USDCNH, Profit,-89617.74165, TradeCount = 1242,,
 SHGOLD, Au(T+D), Profit,106360.37840, TradeCount = 907,ex_dLots=1,ex_nIsNewOrder=1000000,ex_bIsNewSession=true,ex_dOpen_abs=0.150,ex_dClose_abs=0.150,ex_dOpen_ma=0.200,ex_dClose_ma=0.150,ex_nCCPeriod=100.000,ex_nMAPeriod=100.000,ex_dRenkoStep=0.150,ex_dP_ABS=500,ex_dP_MIN=100,ex_sProductType=AB05C,ex_bPublishRates=true,, TRADE_VIEW_MT5, XAUUSD, Profit,-3733.08360, TradeCount = 907,, TRADE_VIEW_MT5, USDCNH, Profit,-60012.42225, TradeCount = 907,,
 SHGOLD, Au(T+D), Profit,20919.90320, TradeCount = 744,ex_dLots=1,ex_nIsNewOrder=1000000,ex_bIsNewSession=true,ex_dOpen_abs=0.150,ex_dClose_abs=0.150,ex_dOpen_ma=0.200,ex_dClose_ma=0.150,ex_nCCPeriod=100.000,ex_nMAPeriod=100.000,ex_dRenkoStep=0.200,ex_dP_ABS=500,ex_dP_MIN=100,ex_sProductType=AB05C,ex_bPublishRates=true,, TRADE_VIEW_MT5, XAUUSD, Profit,6016.92680, TradeCount = 744,, TRADE_VIEW_MT5, USDCNH, Profit,-33372.24790, TradeCount = 744,,
 SHGOLD, Au(T+D), Profit,108088.42680, TradeCount = 1261,ex_dLots=1,ex_nIsNewOrder=1000000,ex_bIsNewSession=true,ex_dOpen_abs=0.150,ex_dClose_abs=0.150,ex_dOpen_ma=0.200,ex_dClose_ma=0.200,ex_nCCPeriod=50.000,ex_nMAPeriod=50.000,ex_dRenkoStep=0.100,ex_dP_ABS=500,ex_dP_MIN=100,ex_sProductType=AB05C,ex_bPublishRates=true,, TRADE_VIEW_MT5, XAUUSD, Profit,-9604.04280, TradeCount = 1261,, TRADE_VIEW_MT5, USDCNH, Profit,-112379.52950, TradeCount = 1261,,
 SHGOLD, Au(T+D), Profit,74843.62320, TradeCount = 967,ex_dLots=1,ex_nIsNewOrder=1000000,ex_bIsNewSession=true,ex_dOpen_abs=0.150,ex_dClose_abs=0.150,ex_dOpen_ma=0.200,ex_dClose_ma=0.200,ex_nCCPeriod=50.000,ex_nMAPeriod=50.000,ex_dRenkoStep=0.150,ex_dP_ABS=500,ex_dP_MIN=100,ex_sProductType=AB05C,ex_bPublishRates=true,, TRADE_VIEW_MT5, XAUUSD, Profit,443.57032, TradeCount = 967,, TRADE_VIEW_MT5, USDCNH, Profit,-66644.10540, TradeCount = 967,,
 SHGOLD, Au(T+D), Profit,82999.71520, TradeCount = 753,ex_dLots=1,ex_nIsNewOrder=1000000,ex_bIsNewSession=true,ex_dOpen_abs=0.150,ex_dClose_abs=0.150,ex_dOpen_ma=0.200,ex_dClose_ma=0.200,ex_nCCPeriod=50.000,ex_nMAPeriod=50.000,ex_dRenkoStep=0.200,ex_dP_ABS=500,ex_dP_MIN=100,ex_sProductType=AB05C,ex_bPublishRates=true,, TRADE_VIEW_MT5, XAUUSD, Profit,193.14792, TradeCount = 753,, TRADE_VIEW_MT5, USDCNH, Profit,-59370.71535, TradeCount = 753,,
 SHGOLD, Au(T+D), Profit,77304.89720, TradeCount = 1434,ex_dLots=1,ex_nIsNewOrder=1000000,ex_bIsNewSession=true,ex_dOpen_abs=0.150,ex_dClose_abs=0.150,ex_dOpen_ma=0.200,ex_dClose_ma=0.200,ex_nCCPeriod=50.000,ex_nMAPeriod=100.000,ex_dRenkoStep=0.100,ex_dP_ABS=500,ex_dP_MIN=100,ex_sProductType=AB05C,ex_bPublishRates=true,, TRADE_VIEW_MT5, XAUUSD, Profit,-8676.65296, TradeCount = 1434,, TRADE_VIEW_MT5, USDCNH, Profit,-105463.75840, TradeCount = 1434,,
 SHGOLD, Au(T+D), Profit,63431.79480, TradeCount = 1068,ex_dLots=1,ex_nIsNewOrder=1000000,ex_bIsNewSession=true,ex_dOpen_abs=0.150,ex_dClose_abs=0.150,ex_dOpen_ma=0.200,ex_dClose_ma=0.200,ex_nCCPeriod=50.000,ex_nMAPeriod=100.000,ex_dRenkoStep=0.150,ex_dP_ABS=500,ex_dP_MIN=100,ex_sProductType=AB05C,ex_bPublishRates=true,, TRADE_VIEW_MT5, XAUUSD, Profit,294.04184, TradeCount = 1068,, TRADE_VIEW_MT5, USDCNH, Profit,-56142.12485, TradeCount = 1068,,
 SHGOLD, Au(T+D), Profit,95047.91480, TradeCount = 837,ex_dLots=1,ex_nIsNewOrder=1000000,ex_bIsNewSession=true,ex_dOpen_abs=0.150,ex_dClose_abs=0.150,ex_dOpen_ma=0.200,ex_dClose_ma=0.200,ex_nCCPeriod=50.000,ex_nMAPeriod=100.000,ex_dRenkoStep=0.200,ex_dP_ABS=500,ex_dP_MIN=100,ex_sProductType=AB05C,ex_bPublishRates=true,, TRADE_VIEW_MT5, XAUUSD, Profit,-2372.84144, TradeCount = 837,, TRADE_VIEW_MT5, USDCNH, Profit,-52313.26540, TradeCount = 837,,
 SHGOLD, Au(T+D), Profit,93400.92360, TradeCount = 988,ex_dLots=1,ex_nIsNewOrder=1000000,ex_bIsNewSession=true,ex_dOpen_abs=0.150,ex_dClose_abs=0.150,ex_dOpen_ma=0.200,ex_dClose_ma=0.200,ex_nCCPeriod=100.000,ex_nMAPeriod=50.000,ex_dRenkoStep=0.100,ex_dP_ABS=500,ex_dP_MIN=100,ex_sProductType=AB05C,ex_bPublishRates=true,, TRADE_VIEW_MT5, XAUUSD, Profit,-1591.90976, TradeCount = 988,, TRADE_VIEW_MT5, USDCNH, Profit,-75449.25865, TradeCount = 988,,
 SHGOLD, Au(T+D), Profit,103744.77760, TradeCount = 748,ex_dLots=1,ex_nIsNewOrder=1000000,ex_bIsNewSession=true,ex_dOpen_abs=0.150,ex_dClose_abs=0.150,ex_dOpen_ma=0.200,ex_dClose_ma=0.200,ex_nCCPeriod=100.000,ex_nMAPeriod=50.000,ex_dRenkoStep=0.150,ex_dP_ABS=500,ex_dP_MIN=100,ex_sProductType=AB05C,ex_bPublishRates=true,, TRADE_VIEW_MT5, XAUUSD, Profit,-1905.06328, TradeCount = 748,, TRADE_VIEW_MT5, USDCNH, Profit,-58204.63950, TradeCount = 748,,
 SHGOLD, Au(T+D), Profit,15937.23720, TradeCount = 587,ex_dLots=1,ex_nIsNewOrder=1000000,ex_bIsNewSession=true,ex_dOpen_abs=0.150,ex_dClose_abs=0.150,ex_dOpen_ma=0.200,ex_dClose_ma=0.200,ex_nCCPeriod=100.000,ex_nMAPeriod=50.000,ex_dRenkoStep=0.200,ex_dP_ABS=500,ex_dP_MIN=100,ex_sProductType=AB05C,ex_bPublishRates=true,, TRADE_VIEW_MT5, XAUUSD, Profit,6977.91176, TradeCount = 587,, TRADE_VIEW_MT5, USDCNH, Profit,-23369.99985, TradeCount = 587,,
 SHGOLD, Au(T+D), Profit,88891.25840, TradeCount = 1131,ex_dLots=1,ex_nIsNewOrder=1000000,ex_bIsNewSession=true,ex_dOpen_abs=0.150,ex_dClose_abs=0.150,ex_dOpen_ma=0.200,ex_dClose_ma=0.200,ex_nCCPeriod=100.000,ex_nMAPeriod=100.000,ex_dRenkoStep=0.100,ex_dP_ABS=500,ex_dP_MIN=100,ex_sProductType=AB05C,ex_bPublishRates=true,, TRADE_VIEW_MT5, XAUUSD, Profit,-2092.81696, TradeCount = 1131,, TRADE_VIEW_MT5, USDCNH, Profit,-73983.15930, TradeCount = 1131,,
 SHGOLD, Au(T+D), Profit,112546.10560, TradeCount = 830,ex_dLots=1,ex_nIsNewOrder=1000000,ex_bIsNewSession=true,ex_dOpen_abs=0.150,ex_dClose_abs=0.150,ex_dOpen_ma=0.200,ex_dClose_ma=0.200,ex_nCCPeriod=100.000,ex_nMAPeriod=100.000,ex_dRenkoStep=0.150,ex_dP_ABS=500,ex_dP_MIN=100,ex_sProductType=AB05C,ex_bPublishRates=true,, TRADE_VIEW_MT5, XAUUSD, Profit,-4223.38456, TradeCount = 830,, TRADE_VIEW_MT5, USDCNH, Profit,-50513.43605, TradeCount = 830,,
 SHGOLD, Au(T+D), Profit,32335.13880, TradeCount = 688,ex_dLots=1,ex_nIsNewOrder=1000000,ex_bIsNewSession=true,ex_dOpen_abs=0.150,ex_dClose_abs=0.150,ex_dOpen_ma=0.200,ex_dClose_ma=0.200,ex_nCCPeriod=100.000,ex_nMAPeriod=100.000,ex_dRenkoStep=0.200,ex_dP_ABS=500,ex_dP_MIN=100,ex_sProductType=AB05C,ex_bPublishRates=true,, TRADE_VIEW_MT5, XAUUSD, Profit,5205.02096, TradeCount = 688,, TRADE_VIEW_MT5, USDCNH, Profit,-30625.23945, TradeCount = 688,,
 SHGOLD, Au(T+D), Profit,83879.46560, TradeCount = 1286,ex_dLots=1,ex_nIsNewOrder=1000000,ex_bIsNewSession=true,ex_dOpen_abs=0.150,ex_dClose_abs=0.200,ex_dOpen_ma=0.150,ex_dClose_ma=0.150,ex_nCCPeriod=50.000,ex_nMAPeriod=50.000,ex_dRenkoStep=0.100,ex_dP_ABS=500,ex_dP_MIN=100,ex_sProductType=AB05C,ex_bPublishRates=true,, TRADE_VIEW_MT5, XAUUSD, Profit,-7467.68304, TradeCount = 1286,, TRADE_VIEW_MT5, USDCNH, Profit,-87201.93090, TradeCount = 1286,,
 SHGOLD, Au(T+D), Profit,88799.20560, TradeCount = 945,ex_dLots=1,ex_nIsNewOrder=1000000,ex_bIsNewSession=true,ex_dOpen_abs=0.150,ex_dClose_abs=0.200,ex_dOpen_ma=0.150,ex_dClose_ma=0.150,ex_nCCPeriod=50.000,ex_nMAPeriod=50.000,ex_dRenkoStep=0.150,ex_dP_ABS=500,ex_dP_MIN=100,ex_sProductType=AB05C,ex_bPublishRates=true,, TRADE_VIEW_MT5, XAUUSD, Profit,-3087.35056, TradeCount = 945,, TRADE_VIEW_MT5, USDCNH, Profit,-51726.98505, TradeCount = 945,,
 SHGOLD, Au(T+D), Profit,84997.40600, TradeCount = 723,ex_dLots=1,ex_nIsNewOrder=1000000,ex_bIsNewSession=true,ex_dOpen_abs=0.150,ex_dClose_abs=0.200,ex_dOpen_ma=0.150,ex_dClose_ma=0.150,ex_nCCPeriod=50.000,ex_nMAPeriod=50.000,ex_dRenkoStep=0.200,ex_dP_ABS=500,ex_dP_MIN=100,ex_sProductType=AB05C,ex_bPublishRates=true,, TRADE_VIEW_MT5, XAUUSD, Profit,-1527.12160, TradeCount = 723,, TRADE_VIEW_MT5, USDCNH, Profit,-48057.42590, TradeCount = 723,,
 SHGOLD, Au(T+D), Profit,61931.19040, TradeCount = 1369,ex_dLots=1,ex_nIsNewOrder=1000000,ex_bIsNewSession=true,ex_dOpen_abs=0.150,ex_dClose_abs=0.200,ex_dOpen_ma=0.150,ex_dClose_ma=0.150,ex_nCCPeriod=50.000,ex_nMAPeriod=100.000,ex_dRenkoStep=0.100,ex_dP_ABS=500,ex_dP_MIN=100,ex_sProductType=AB05C,ex_bPublishRates=true,, TRADE_VIEW_MT5, XAUUSD, Profit,-4345.52768, TradeCount = 1369,, TRADE_VIEW_MT5, USDCNH, Profit,-96244.88345, TradeCount = 1369,,
 SHGOLD, Au(T+D), Profit,64025.67080, TradeCount = 1012,ex_dLots=1,ex_nIsNewOrder=1000000,ex_bIsNewSession=true,ex_dOpen_abs=0.150,ex_dClose_abs=0.200,ex_dOpen_ma=0.150,ex_dClose_ma=0.150,ex_nCCPeriod=50.000,ex_nMAPeriod=100.000,ex_dRenkoStep=0.150,ex_dP_ABS=500,ex_dP_MIN=100,ex_sProductType=AB05C,ex_bPublishRates=true,, TRADE_VIEW_MT5, XAUUSD, Profit,462.46568, TradeCount = 1012,, TRADE_VIEW_MT5, USDCNH, Profit,-52599.32445, TradeCount = 1012,,
 SHGOLD, Au(T+D), Profit,83542.49800, TradeCount = 748,ex_dLots=1,ex_nIsNewOrder=1000000,ex_bIsNewSession=true,ex_dOpen_abs=0.150,ex_dClose_abs=0.200,ex_dOpen_ma=0.150,ex_dClose_ma=0.150,ex_nCCPeriod=50.000,ex_nMAPeriod=100.000,ex_dRenkoStep=0.200,ex_dP_ABS=500,ex_dP_MIN=100,ex_sProductType=AB05C,ex_bPublishRates=true,, TRADE_VIEW_MT5, XAUUSD, Profit,-1517.88944, TradeCount = 748,, TRADE_VIEW_MT5, USDCNH, Profit,-47911.18730, TradeCount = 748,,
 SHGOLD, Au(T+D), Profit,108192.40080, TradeCount = 1005,ex_dLots=1,ex_nIsNewOrder=1000000,ex_bIsNewSession=true,ex_dOpen_abs=0.150,ex_dClose_abs=0.200,ex_dOpen_ma=0.150,ex_dClose_ma=0.150,ex_nCCPeriod=100.000,ex_nMAPeriod=50.000,ex_dRenkoStep=0.100,ex_dP_ABS=500,ex_dP_MIN=100,ex_sProductType=AB05C,ex_bPublishRates=true,, TRADE_VIEW_MT5, XAUUSD, Profit,-3605.22552, TradeCount = 1005,, TRADE_VIEW_MT5, USDCNH, Profit,-69313.40490, TradeCount = 1005,,
 SHGOLD, Au(T+D), Profit,78128.30040, TradeCount = 740,ex_dLots=1,ex_nIsNewOrder=1000000,ex_bIsNewSession=true,ex_dOpen_abs=0.150,ex_dClose_abs=0.200,ex_dOpen_ma=0.150,ex_dClose_ma=0.150,ex_nCCPeriod=100.000,ex_nMAPeriod=50.000,ex_dRenkoStep=0.150,ex_dP_ABS=500,ex_dP_MIN=100,ex_sProductType=AB05C,ex_bPublishRates=true,, TRADE_VIEW_MT5, XAUUSD, Profit,1618.43712, TradeCount = 740,, TRADE_VIEW_MT5, USDCNH, Profit,-46728.32720, TradeCount = 740,,
 SHGOLD, Au(T+D), Profit,44419.43720, TradeCount = 593,ex_dLots=1,ex_nIsNewOrder=1000000,ex_bIsNewSession=true,ex_dOpen_abs=0.150,ex_dClose_abs=0.200,ex_dOpen_ma=0.150,ex_dClose_ma=0.150,ex_nCCPeriod=100.000,ex_nMAPeriod=50.000,ex_dRenkoStep=0.200,ex_dP_ABS=500,ex_dP_MIN=100,ex_sProductType=AB05C,ex_bPublishRates=true,, TRADE_VIEW_MT5, XAUUSD, Profit,3375.46704, TradeCount = 593,, TRADE_VIEW_MT5, USDCNH, Profit,-17501.01165, TradeCount = 593,,
 SHGOLD, Au(T+D), Profit,83208.66120, TradeCount = 1056,ex_dLots=1,ex_nIsNewOrder=1000000,ex_bIsNewSession=true,ex_dOpen_abs=0.150,ex_dClose_abs=0.200,ex_dOpen_ma=0.150,ex_dClose_ma=0.150,ex_nCCPeriod=100.000,ex_nMAPeriod=100.000,ex_dRenkoStep=0.100,ex_dP_ABS=500,ex_dP_MIN=100,ex_sProductType=AB05C,ex_bPublishRates=true,, TRADE_VIEW_MT5, XAUUSD, Profit,-718.92696, TradeCount = 1056,, TRADE_VIEW_MT5, USDCNH, Profit,-76188.94210, TradeCount = 1056,,
 SHGOLD, Au(T+D), Profit,90288.52520, TradeCount = 780,ex_dLots=1,ex_nIsNewOrder=1000000,ex_bIsNewSession=true,ex_dOpen_abs=0.150,ex_dClose_abs=0.200,ex_dOpen_ma=0.150,ex_dClose_ma=0.150,ex_nCCPeriod=100.000,ex_nMAPeriod=100.000,ex_dRenkoStep=0.150,ex_dP_ABS=500,ex_dP_MIN=100,ex_sProductType=AB05C,ex_bPublishRates=true,, TRADE_VIEW_MT5, XAUUSD, Profit,-13.03912, TradeCount = 780,, TRADE_VIEW_MT5, USDCNH, Profit,-50809.25630, TradeCount = 780,,
 SHGOLD, Au(T+D), Profit,56778.32880, TradeCount = 627,ex_dLots=1,ex_nIsNewOrder=1000000,ex_bIsNewSession=true,ex_dOpen_abs=0.150,ex_dClose_abs=0.200,ex_dOpen_ma=0.150,ex_dClose_ma=0.150,ex_nCCPeriod=100.000,ex_nMAPeriod=100.000,ex_dRenkoStep=0.200,ex_dP_ABS=500,ex_dP_MIN=100,ex_sProductType=AB05C,ex_bPublishRates=true,, TRADE_VIEW_MT5, XAUUSD, Profit,1013.16432, TradeCount = 627,, TRADE_VIEW_MT5, USDCNH, Profit,-14808.97665, TradeCount = 627,,
 SHGOLD, Au(T+D), Profit,115727.02840, TradeCount = 1101,ex_dLots=1,ex_nIsNewOrder=1000000,ex_bIsNewSession=true,ex_dOpen_abs=0.150,ex_dClose_abs=0.200,ex_dOpen_ma=0.150,ex_dClose_ma=0.200,ex_nCCPeriod=50.000,ex_nMAPeriod=50.000,ex_dRenkoStep=0.100,ex_dP_ABS=500,ex_dP_MIN=100,ex_sProductType=AB05C,ex_bPublishRates=true,, TRADE_VIEW_MT5, XAUUSD, Profit,-10495.13168, TradeCount = 1101,, TRADE_VIEW_MT5, USDCNH, Profit,-81081.47565, TradeCount = 1101,,
 SHGOLD, Au(T+D), Profit,86867.82320, TradeCount = 831,ex_dLots=1,ex_nIsNewOrder=1000000,ex_bIsNewSession=true,ex_dOpen_abs=0.150,ex_dClose_abs=0.200,ex_dOpen_ma=0.150,ex_dClose_ma=0.200,ex_nCCPeriod=50.000,ex_nMAPeriod=50.000,ex_dRenkoStep=0.150,ex_dP_ABS=500,ex_dP_MIN=100,ex_sProductType=AB05C,ex_bPublishRates=true,, TRADE_VIEW_MT5, XAUUSD, Profit,-603.82880, TradeCount = 831,, TRADE_VIEW_MT5, USDCNH, Profit,-57729.01905, TradeCount = 831,,
 SHGOLD, Au(T+D), Profit,63858.47400, TradeCount = 647,ex_dLots=1,ex_nIsNewOrder=1000000,ex_bIsNewSession=true,ex_dOpen_abs=0.150,ex_dClose_abs=0.200,ex_dOpen_ma=0.150,ex_dClose_ma=0.200,ex_nCCPeriod=50.000,ex_nMAPeriod=50.000,ex_dRenkoStep=0.200,ex_dP_ABS=500,ex_dP_MIN=100,ex_sProductType=AB05C,ex_bPublishRates=true,, TRADE_VIEW_MT5, XAUUSD, Profit,3089.82608, TradeCount = 647,, TRADE_VIEW_MT5, USDCNH, Profit,-45448.14720, TradeCount = 647,,
 SHGOLD, Au(T+D), Profit,89186.98960, TradeCount = 1230,ex_dLots=1,ex_nIsNewOrder=1000000,ex_bIsNewSession=true,ex_dOpen_abs=0.150,ex_dClose_abs=0.200,ex_dOpen_ma=0.150,ex_dClose_ma=0.200,ex_nCCPeriod=50.000,ex_nMAPeriod=100.000,ex_dRenkoStep=0.100,ex_dP_ABS=500,ex_dP_MIN=100,ex_sProductType=AB05C,ex_bPublishRates=true,, TRADE_VIEW_MT5, XAUUSD, Profit,-9715.06976, TradeCount = 1230,, TRADE_VIEW_MT5, USDCNH, Profit,-70909.42090, TradeCount = 1230,,
 SHGOLD, Au(T+D), Profit,72315.53120, TradeCount = 930,ex_dLots=1,ex_nIsNewOrder=1000000,ex_bIsNewSession=true,ex_dOpen_abs=0.150,ex_dClose_abs=0.200,ex_dOpen_ma=0.150,ex_dClose_ma=0.200,ex_nCCPeriod=50.000,ex_nMAPeriod=100.000,ex_dRenkoStep=0.150,ex_dP_ABS=500,ex_dP_MIN=100,ex_sProductType=AB05C,ex_bPublishRates=true,, TRADE_VIEW_MT5, XAUUSD, Profit,-778.01536, TradeCount = 930,, TRADE_VIEW_MT5, USDCNH, Profit,-47547.86895, TradeCount = 930,,
 SHGOLD, Au(T+D), Profit,66644.31760, TradeCount = 706,ex_dLots=1,ex_nIsNewOrder=1000000,ex_bIsNewSession=true,ex_dOpen_abs=0.150,ex_dClose_abs=0.200,ex_dOpen_ma=0.150,ex_dClose_ma=0.200,ex_nCCPeriod=50.000,ex_nMAPeriod=100.000,ex_dRenkoStep=0.200,ex_dP_ABS=500,ex_dP_MIN=100,ex_sProductType=AB05C,ex_bPublishRates=true,, TRADE_VIEW_MT5, XAUUSD, Profit,1303.48304, TradeCount = 706,, TRADE_VIEW_MT5, USDCNH, Profit,-38736.55630, TradeCount = 706,,
 SHGOLD, Au(T+D), Profit,119348.59880, TradeCount = 881,ex_dLots=1,ex_nIsNewOrder=1000000,ex_bIsNewSession=true,ex_dOpen_abs=0.150,ex_dClose_abs=0.200,ex_dOpen_ma=0.150,ex_dClose_ma=0.200,ex_nCCPeriod=100.000,ex_nMAPeriod=50.000,ex_dRenkoStep=0.100,ex_dP_ABS=500,ex_dP_MIN=100,ex_sProductType=AB05C,ex_bPublishRates=true,, TRADE_VIEW_MT5, XAUUSD, Profit,-4356.63256, TradeCount = 881,, TRADE_VIEW_MT5, USDCNH, Profit,-63424.34230, TradeCount = 881,,
 SHGOLD, Au(T+D), Profit,73084.00840, TradeCount = 644,ex_dLots=1,ex_nIsNewOrder=1000000,ex_bIsNewSession=true,ex_dOpen_abs=0.150,ex_dClose_abs=0.200,ex_dOpen_ma=0.150,ex_dClose_ma=0.200,ex_nCCPeriod=100.000,ex_nMAPeriod=50.000,ex_dRenkoStep=0.150,ex_dP_ABS=500,ex_dP_MIN=100,ex_sProductType=AB05C,ex_bPublishRates=true,, TRADE_VIEW_MT5, XAUUSD, Profit,1486.21992, TradeCount = 644,, TRADE_VIEW_MT5, USDCNH, Profit,-38933.99865, TradeCount = 644,,
 SHGOLD, Au(T+D), Profit,68140.37600, TradeCount = 516,ex_dLots=1,ex_nIsNewOrder=1000000,ex_bIsNewSession=true,ex_dOpen_abs=0.150,ex_dClose_abs=0.200,ex_dOpen_ma=0.150,ex_dClose_ma=0.200,ex_nCCPeriod=100.000,ex_nMAPeriod=50.000,ex_dRenkoStep=0.200,ex_dP_ABS=500,ex_dP_MIN=100,ex_sProductType=AB05C,ex_bPublishRates=true,, TRADE_VIEW_MT5, XAUUSD, Profit,-313.63408, TradeCount = 516,, TRADE_VIEW_MT5, USDCNH, Profit,-11388.70875, TradeCount = 516,,
 SHGOLD, Au(T+D), Profit,77286.93920, TradeCount = 972,ex_dLots=1,ex_nIsNewOrder=1000000,ex_bIsNewSession=true,ex_dOpen_abs=0.150,ex_dClose_abs=0.200,ex_dOpen_ma=0.150,ex_dClose_ma=0.200,ex_nCCPeriod=100.000,ex_nMAPeriod=100.000,ex_dRenkoStep=0.100,ex_dP_ABS=500,ex_dP_MIN=100,ex_sProductType=AB05C,ex_bPublishRates=true,, TRADE_VIEW_MT5, XAUUSD, Profit,-34.64256, TradeCount = 972,, TRADE_VIEW_MT5, USDCNH, Profit,-56173.89705, TradeCount = 972,,
 SHGOLD, Au(T+D), Profit,83808.74120, TradeCount = 728,ex_dLots=1,ex_nIsNewOrder=1000000,ex_bIsNewSession=true,ex_dOpen_abs=0.150,ex_dClose_abs=0.200,ex_dOpen_ma=0.150,ex_dClose_ma=0.200,ex_nCCPeriod=100.000,ex_nMAPeriod=100.000,ex_dRenkoStep=0.150,ex_dP_ABS=500,ex_dP_MIN=100,ex_sProductType=AB05C,ex_bPublishRates=true,, TRADE_VIEW_MT5, XAUUSD, Profit,1263.71776, TradeCount = 728,, TRADE_VIEW_MT5, USDCNH, Profit,-46163.21490, TradeCount = 728,,
 SHGOLD, Au(T+D), Profit,48842.63320, TradeCount = 597,ex_dLots=1,ex_nIsNewOrder=1000000,ex_bIsNewSession=true,ex_dOpen_abs=0.150,ex_dClose_abs=0.200,ex_dOpen_ma=0.150,ex_dClose_ma=0.200,ex_nCCPeriod=100.000,ex_nMAPeriod=100.000,ex_dRenkoStep=0.200,ex_dP_ABS=500,ex_dP_MIN=100,ex_sProductType=AB05C,ex_bPublishRates=true,, TRADE_VIEW_MT5, XAUUSD, Profit,3405.15648, TradeCount = 597,, TRADE_VIEW_MT5, USDCNH, Profit,-15342.75835, TradeCount = 597,,
 SHGOLD, Au(T+D), Profit,133840.55040, TradeCount = 1174,ex_dLots=1,ex_nIsNewOrder=1000000,ex_bIsNewSession=true,ex_dOpen_abs=0.150,ex_dClose_abs=0.200,ex_dOpen_ma=0.200,ex_dClose_ma=0.150,ex_nCCPeriod=50.000,ex_nMAPeriod=50.000,ex_dRenkoStep=0.100,ex_dP_ABS=500,ex_dP_MIN=100,ex_sProductType=AB05C,ex_bPublishRates=true,, TRADE_VIEW_MT5, XAUUSD, Profit,-14535.49648, TradeCount = 1174,, TRADE_VIEW_MT5, USDCNH, Profit,-75302.35650, TradeCount = 1174,,
 SHGOLD, Au(T+D), Profit,110144.87440, TradeCount = 882,ex_dLots=1,ex_nIsNewOrder=1000000,ex_bIsNewSession=true,ex_dOpen_abs=0.150,ex_dClose_abs=0.200,ex_dOpen_ma=0.200,ex_dClose_ma=0.150,ex_nCCPeriod=50.000,ex_nMAPeriod=50.000,ex_dRenkoStep=0.150,ex_dP_ABS=500,ex_dP_MIN=100,ex_sProductType=AB05C,ex_bPublishRates=true,, TRADE_VIEW_MT5, XAUUSD, Profit,-5073.45712, TradeCount = 882,, TRADE_VIEW_MT5, USDCNH, Profit,-54287.18750, TradeCount = 882,,
 SHGOLD, Au(T+D), Profit,99321.43000, TradeCount = 672,ex_dLots=1,ex_nIsNewOrder=1000000,ex_bIsNewSession=true,ex_dOpen_abs=0.150,ex_dClose_abs=0.200,ex_dOpen_ma=0.200,ex_dClose_ma=0.150,ex_nCCPeriod=50.000,ex_nMAPeriod=50.000,ex_dRenkoStep=0.200,ex_dP_ABS=500,ex_dP_MIN=100,ex_sProductType=AB05C,ex_bPublishRates=true,, TRADE_VIEW_MT5, XAUUSD, Profit,-2814.96936, TradeCount = 672,, TRADE_VIEW_MT5, USDCNH, Profit,-45617.36050, TradeCount = 672,,
 SHGOLD, Au(T+D), Profit,93277.00920, TradeCount = 1290,ex_dLots=1,ex_nIsNewOrder=1000000,ex_bIsNewSession=true,ex_dOpen_abs=0.150,ex_dClose_abs=0.200,ex_dOpen_ma=0.200,ex_dClose_ma=0.150,ex_nCCPeriod=50.000,ex_nMAPeriod=100.000,ex_dRenkoStep=0.100,ex_dP_ABS=500,ex_dP_MIN=100,ex_sProductType=AB05C,ex_bPublishRates=true,, TRADE_VIEW_MT5, XAUUSD, Profit,-9283.87584, TradeCount = 1290,, TRADE_VIEW_MT5, USDCNH, Profit,-79095.57745, TradeCount = 1290,,
 SHGOLD, Au(T+D), Profit,96348.55840, TradeCount = 963,ex_dLots=1,ex_nIsNewOrder=1000000,ex_bIsNewSession=true,ex_dOpen_abs=0.150,ex_dClose_abs=0.200,ex_dOpen_ma=0.200,ex_dClose_ma=0.150,ex_nCCPeriod=50.000,ex_nMAPeriod=100.000,ex_dRenkoStep=0.150,ex_dP_ABS=500,ex_dP_MIN=100,ex_sProductType=AB05C,ex_bPublishRates=true,, TRADE_VIEW_MT5, XAUUSD, Profit,-3642.56056, TradeCount = 963,, TRADE_VIEW_MT5, USDCNH, Profit,-48093.27945, TradeCount = 963,,
 SHGOLD, Au(T+D), Profit,86794.47000, TradeCount = 723,ex_dLots=1,ex_nIsNewOrder=1000000,ex_bIsNewSession=true,ex_dOpen_abs=0.150,ex_dClose_abs=0.200,ex_dOpen_ma=0.200,ex_dClose_ma=0.150,ex_nCCPeriod=50.000,ex_nMAPeriod=100.000,ex_dRenkoStep=0.200,ex_dP_ABS=500,ex_dP_MIN=100,ex_sProductType=AB05C,ex_bPublishRates=true,, TRADE_VIEW_MT5, XAUUSD, Profit,-1716.14208, TradeCount = 723,, TRADE_VIEW_MT5, USDCNH, Profit,-41247.23860, TradeCount = 723,,
 SHGOLD, Au(T+D), Profit,130281.09320, TradeCount = 920,ex_dLots=1,ex_nIsNewOrder=1000000,ex_bIsNewSession=true,ex_dOpen_abs=0.150,ex_dClose_abs=0.200,ex_dOpen_ma=0.200,ex_dClose_ma=0.150,ex_nCCPeriod=100.000,ex_nMAPeriod=50.000,ex_dRenkoStep=0.100,ex_dP_ABS=500,ex_dP_MIN=100,ex_sProductType=AB05C,ex_bPublishRates=true,, TRADE_VIEW_MT5, XAUUSD, Profit,-6829.60320, TradeCount = 920,, TRADE_VIEW_MT5, USDCNH, Profit,-61047.85350, TradeCount = 920,,
 SHGOLD, Au(T+D), Profit,87585.98040, TradeCount = 677,ex_dLots=1,ex_nIsNewOrder=1000000,ex_bIsNewSession=true,ex_dOpen_abs=0.150,ex_dClose_abs=0.200,ex_dOpen_ma=0.200,ex_dClose_ma=0.150,ex_nCCPeriod=100.000,ex_nMAPeriod=50.000,ex_dRenkoStep=0.150,ex_dP_ABS=500,ex_dP_MIN=100,ex_sProductType=AB05C,ex_bPublishRates=true,, TRADE_VIEW_MT5, XAUUSD, Profit,128.55320, TradeCount = 677,, TRADE_VIEW_MT5, USDCNH, Profit,-39098.76490, TradeCount = 677,,
 SHGOLD, Au(T+D), Profit,56777.07720, TradeCount = 546,ex_dLots=1,ex_nIsNewOrder=1000000,ex_bIsNewSession=true,ex_dOpen_abs=0.150,ex_dClose_abs=0.200,ex_dOpen_ma=0.200,ex_dClose_ma=0.150,ex_nCCPeriod=100.000,ex_nMAPeriod=50.000,ex_dRenkoStep=0.200,ex_dP_ABS=500,ex_dP_MIN=100,ex_sProductType=AB05C,ex_bPublishRates=true,, TRADE_VIEW_MT5, XAUUSD, Profit,895.85288, TradeCount = 546,, TRADE_VIEW_MT5, USDCNH, Profit,-11485.11325, TradeCount = 546,,
 SHGOLD, Au(T+D), Profit,99148.02560, TradeCount = 1011,ex_dLots=1,ex_nIsNewOrder=1000000,ex_bIsNewSession=true,ex_dOpen_abs=0.150,ex_dClose_abs=0.200,ex_dOpen_ma=0.200,ex_dClose_ma=0.150,ex_nCCPeriod=100.000,ex_nMAPeriod=100.000,ex_dRenkoStep=0.100,ex_dP_ABS=500,ex_dP_MIN=100,ex_sProductType=AB05C,ex_bPublishRates=true,, TRADE_VIEW_MT5, XAUUSD, Profit,-2838.02360, TradeCount = 1011,, TRADE_VIEW_MT5, USDCNH, Profit,-60517.61150, TradeCount = 1011,,
 SHGOLD, Au(T+D), Profit,82311.38880, TradeCount = 743,ex_dLots=1,ex_nIsNewOrder=1000000,ex_bIsNewSession=true,ex_dOpen_abs=0.150,ex_dClose_abs=0.200,ex_dOpen_ma=0.200,ex_dClose_ma=0.150,ex_nCCPeriod=100.000,ex_nMAPeriod=100.000,ex_dRenkoStep=0.150,ex_dP_ABS=500,ex_dP_MIN=100,ex_sProductType=AB05C,ex_bPublishRates=true,, TRADE_VIEW_MT5, XAUUSD, Profit,1135.54072, TradeCount = 743,, TRADE_VIEW_MT5, USDCNH, Profit,-44889.59795, TradeCount = 743,,
 SHGOLD, Au(T+D), Profit,51537.42920, TradeCount = 606,ex_dLots=1,ex_nIsNewOrder=1000000,ex_bIsNewSession=true,ex_dOpen_abs=0.150,ex_dClose_abs=0.200,ex_dOpen_ma=0.200,ex_dClose_ma=0.150,ex_nCCPeriod=100.000,ex_nMAPeriod=100.000,ex_dRenkoStep=0.200,ex_dP_ABS=500,ex_dP_MIN=100,ex_sProductType=AB05C,ex_bPublishRates=true,, TRADE_VIEW_MT5, XAUUSD, Profit,2320.47144, TradeCount = 606,, TRADE_VIEW_MT5, USDCNH, Profit,-12960.64490, TradeCount = 606,,
 SHGOLD, Au(T+D), Profit,109020.77040, TradeCount = 1048,ex_dLots=1,ex_nIsNewOrder=1000000,ex_bIsNewSession=true,ex_dOpen_abs=0.150,ex_dClose_abs=0.200,ex_dOpen_ma=0.200,ex_dClose_ma=0.200,ex_nCCPeriod=50.000,ex_nMAPeriod=50.000,ex_dRenkoStep=0.100,ex_dP_ABS=500,ex_dP_MIN=100,ex_sProductType=AB05C,ex_bPublishRates=true,, TRADE_VIEW_MT5, XAUUSD, Profit,-7831.76800, TradeCount = 1048,, TRADE_VIEW_MT5, USDCNH, Profit,-84838.15880, TradeCount = 1048,,
 SHGOLD, Au(T+D), Profit,100333.34320, TradeCount = 802,ex_dLots=1,ex_nIsNewOrder=1000000,ex_bIsNewSession=true,ex_dOpen_abs=0.150,ex_dClose_abs=0.200,ex_dOpen_ma=0.200,ex_dClose_ma=0.200,ex_nCCPeriod=50.000,ex_nMAPeriod=50.000,ex_dRenkoStep=0.150,ex_dP_ABS=500,ex_dP_MIN=100,ex_sProductType=AB05C,ex_bPublishRates=true,, TRADE_VIEW_MT5, XAUUSD, Profit,-2590.72952, TradeCount = 802,, TRADE_VIEW_MT5, USDCNH, Profit,-49933.64860, TradeCount = 802,,
 SHGOLD, Au(T+D), Profit,83799.55040, TradeCount = 625,ex_dLots=1,ex_nIsNewOrder=1000000,ex_bIsNewSession=true,ex_dOpen_abs=0.150,ex_dClose_abs=0.200,ex_dOpen_ma=0.200,ex_dClose_ma=0.200,ex_nCCPeriod=50.000,ex_nMAPeriod=50.000,ex_dRenkoStep=0.200,ex_dP_ABS=500,ex_dP_MIN=100,ex_sProductType=AB05C,ex_bPublishRates=true,, TRADE_VIEW_MT5, XAUUSD, Profit,447.73200, TradeCount = 625,, TRADE_VIEW_MT5, USDCNH, Profit,-44239.43050, TradeCount = 625,,
 SHGOLD, Au(T+D), Profit,106817.67640, TradeCount = 1197,ex_dLots=1,ex_nIsNewOrder=1000000,ex_bIsNewSession=true,ex_dOpen_abs=0.150,ex_dClose_abs=0.200,ex_dOpen_ma=0.200,ex_dClose_ma=0.200,ex_nCCPeriod=50.000,ex_nMAPeriod=100.000,ex_dRenkoStep=0.100,ex_dP_ABS=500,ex_dP_MIN=100,ex_sProductType=AB05C,ex_bPublishRates=true,, TRADE_VIEW_MT5, XAUUSD, Profit,-11873.73552, TradeCount = 1197,, TRADE_VIEW_MT5, USDCNH, Profit,-62585.59440, TradeCount = 1197,,
 SHGOLD, Au(T+D), Profit,101128.50640, TradeCount = 899,ex_dLots=1,ex_nIsNewOrder=1000000,ex_bIsNewSession=true,ex_dOpen_abs=0.150,ex_dClose_abs=0.200,ex_dOpen_ma=0.200,ex_dClose_ma=0.200,ex_nCCPeriod=50.000,ex_nMAPeriod=100.000,ex_dRenkoStep=0.150,ex_dP_ABS=500,ex_dP_MIN=100,ex_sProductType=AB05C,ex_bPublishRates=true,, TRADE_VIEW_MT5, XAUUSD, Profit,-4503.18976, TradeCount = 899,, TRADE_VIEW_MT5, USDCNH, Profit,-43552.24455, TradeCount = 899,,
 SHGOLD, Au(T+D), Profit,81014.52560, TradeCount = 685,ex_dLots=1,ex_nIsNewOrder=1000000,ex_bIsNewSession=true,ex_dOpen_abs=0.150,ex_dClose_abs=0.200,ex_dOpen_ma=0.200,ex_dClose_ma=0.200,ex_nCCPeriod=50.000,ex_nMAPeriod=100.000,ex_dRenkoStep=0.200,ex_dP_ABS=500,ex_dP_MIN=100,ex_sProductType=AB05C,ex_bPublishRates=true,, TRADE_VIEW_MT5, XAUUSD, Profit,-522.53400, TradeCount = 685,, TRADE_VIEW_MT5, USDCNH, Profit,-37085.85550, TradeCount = 685,,
 SHGOLD, Au(T+D), Profit,124089.54680, TradeCount = 838,ex_dLots=1,ex_nIsNewOrder=1000000,ex_bIsNewSession=true,ex_dOpen_abs=0.150,ex_dClose_abs=0.200,ex_dOpen_ma=0.200,ex_dClose_ma=0.200,ex_nCCPeriod=100.000,ex_nMAPeriod=50.000,ex_dRenkoStep=0.100,ex_dP_ABS=500,ex_dP_MIN=100,ex_sProductType=AB05C,ex_bPublishRates=true,, TRADE_VIEW_MT5, XAUUSD, Profit,-4633.28272, TradeCount = 838,, TRADE_VIEW_MT5, USDCNH, Profit,-60021.42445, TradeCount = 838,,
 SHGOLD, Au(T+D), Profit,76310.80880, TradeCount = 621,ex_dLots=1,ex_nIsNewOrder=1000000,ex_bIsNewSession=true,ex_dOpen_abs=0.150,ex_dClose_abs=0.200,ex_dOpen_ma=0.200,ex_dClose_ma=0.200,ex_nCCPeriod=100.000,ex_nMAPeriod=50.000,ex_dRenkoStep=0.150,ex_dP_ABS=500,ex_dP_MIN=100,ex_sProductType=AB05C,ex_bPublishRates=true,, TRADE_VIEW_MT5, XAUUSD, Profit,1748.56504, TradeCount = 621,, TRADE_VIEW_MT5, USDCNH, Profit,-38304.42540, TradeCount = 621,,
 SHGOLD, Au(T+D), Profit,37720.18800, TradeCount = 494,ex_dLots=1,ex_nIsNewOrder=1000000,ex_bIsNewSession=true,ex_dOpen_abs=0.150,ex_dClose_abs=0.200,ex_dOpen_ma=0.200,ex_dClose_ma=0.200,ex_nCCPeriod=100.000,ex_nMAPeriod=50.000,ex_dRenkoStep=0.200,ex_dP_ABS=500,ex_dP_MIN=100,ex_sProductType=AB05C,ex_bPublishRates=true,, TRADE_VIEW_MT5, XAUUSD, Profit,4594.70320, TradeCount = 494,, TRADE_VIEW_MT5, USDCNH, Profit,-10903.64680, TradeCount = 494,,
 SHGOLD, Au(T+D), Profit,100313.21440, TradeCount = 952,ex_dLots=1,ex_nIsNewOrder=1000000,ex_bIsNewSession=true,ex_dOpen_abs=0.150,ex_dClose_abs=0.200,ex_dOpen_ma=0.200,ex_dClose_ma=0.200,ex_nCCPeriod=100.000,ex_nMAPeriod=100.000,ex_dRenkoStep=0.100,ex_dP_ABS=500,ex_dP_MIN=100,ex_sProductType=AB05C,ex_bPublishRates=true,, TRADE_VIEW_MT5, XAUUSD, Profit,-3160.95008, TradeCount = 952,, TRADE_VIEW_MT5, USDCNH, Profit,-47422.55115, TradeCount = 952,,
 SHGOLD, Au(T+D), Profit,87009.16440, TradeCount = 703,ex_dLots=1,ex_nIsNewOrder=1000000,ex_bIsNewSession=true,ex_dOpen_abs=0.150,ex_dClose_abs=0.200,ex_dOpen_ma=0.200,ex_dClose_ma=0.200,ex_nCCPeriod=100.000,ex_nMAPeriod=100.000,ex_dRenkoStep=0.150,ex_dP_ABS=500,ex_dP_MIN=100,ex_sProductType=AB05C,ex_bPublishRates=true,, TRADE_VIEW_MT5, XAUUSD, Profit,641.36416, TradeCount = 703,, TRADE_VIEW_MT5, USDCNH, Profit,-42337.24195, TradeCount = 703,,
 SHGOLD, Au(T+D), Profit,54425.21720, TradeCount = 578,ex_dLots=1,ex_nIsNewOrder=1000000,ex_bIsNewSession=true,ex_dOpen_abs=0.150,ex_dClose_abs=0.200,ex_dOpen_ma=0.200,ex_dClose_ma=0.200,ex_nCCPeriod=100.000,ex_nMAPeriod=100.000,ex_dRenkoStep=0.200,ex_dP_ABS=500,ex_dP_MIN=100,ex_sProductType=AB05C,ex_bPublishRates=true,, TRADE_VIEW_MT5, XAUUSD, Profit,2815.61096, TradeCount = 578,, TRADE_VIEW_MT5, USDCNH, Profit,-15880.87785, TradeCount = 578,,
 SHGOLD, Au(T+D), Profit,62357.03360, TradeCount = 1487,ex_dLots=1,ex_nIsNewOrder=1000000,ex_bIsNewSession=true,ex_dOpen_abs=0.200,ex_dClose_abs=0.150,ex_dOpen_ma=0.150,ex_dClose_ma=0.150,ex_nCCPeriod=50.000,ex_nMAPeriod=50.000,ex_dRenkoStep=0.100,ex_dP_ABS=500,ex_dP_MIN=100,ex_sProductType=AB05C,ex_bPublishRates=true,, TRADE_VIEW_MT5, XAUUSD, Profit,-5916.80408, TradeCount = 1487,, TRADE_VIEW_MT5, USDCNH, Profit,-108572.05430, TradeCount = 1487,,
 SHGOLD, Au(T+D), Profit,95829.73080, TradeCount = 1090,ex_dLots=1,ex_nIsNewOrder=1000000,ex_bIsNewSession=true,ex_dOpen_abs=0.200,ex_dClose_abs=0.150,ex_dOpen_ma=0.150,ex_dClose_ma=0.150,ex_nCCPeriod=50.000,ex_nMAPeriod=50.000,ex_dRenkoStep=0.150,ex_dP_ABS=500,ex_dP_MIN=100,ex_sProductType=AB05C,ex_bPublishRates=true,, TRADE_VIEW_MT5, XAUUSD, Profit,-5519.79600, TradeCount = 1090,, TRADE_VIEW_MT5, USDCNH, Profit,-57579.18325, TradeCount = 1090,,
 SHGOLD, Au(T+D), Profit,99582.37440, TradeCount = 849,ex_dLots=1,ex_nIsNewOrder=1000000,ex_bIsNewSession=true,ex_dOpen_abs=0.200,ex_dClose_abs=0.150,ex_dOpen_ma=0.150,ex_dClose_ma=0.150,ex_nCCPeriod=50.000,ex_nMAPeriod=50.000,ex_dRenkoStep=0.200,ex_dP_ABS=500,ex_dP_MIN=100,ex_sProductType=AB05C,ex_bPublishRates=true,, TRADE_VIEW_MT5, XAUUSD, Profit,-3439.35256, TradeCount = 849,, TRADE_VIEW_MT5, USDCNH, Profit,-57667.01795, TradeCount = 849,,
 SHGOLD, Au(T+D), Profit,59122.45320, TradeCount = 1562,ex_dLots=1,ex_nIsNewOrder=1000000,ex_bIsNewSession=true,ex_dOpen_abs=0.200,ex_dClose_abs=0.150,ex_dOpen_ma=0.150,ex_dClose_ma=0.150,ex_nCCPeriod=50.000,ex_nMAPeriod=100.000,ex_dRenkoStep=0.100,ex_dP_ABS=500,ex_dP_MIN=100,ex_sProductType=AB05C,ex_bPublishRates=true,, TRADE_VIEW_MT5, XAUUSD, Profit,-5405.13728, TradeCount = 1562,, TRADE_VIEW_MT5, USDCNH, Profit,-117093.62675, TradeCount = 1562,,
 SHGOLD, Au(T+D), Profit,87210.68240, TradeCount = 1149,ex_dLots=1,ex_nIsNewOrder=1000000,ex_bIsNewSession=true,ex_dOpen_abs=0.200,ex_dClose_abs=0.150,ex_dOpen_ma=0.150,ex_dClose_ma=0.150,ex_nCCPeriod=50.000,ex_nMAPeriod=100.000,ex_dRenkoStep=0.150,ex_dP_ABS=500,ex_dP_MIN=100,ex_sProductType=AB05C,ex_bPublishRates=true,, TRADE_VIEW_MT5, XAUUSD, Profit,-4068.05080, TradeCount = 1149,, TRADE_VIEW_MT5, USDCNH, Profit,-61031.85930, TradeCount = 1149,,
 SHGOLD, Au(T+D), Profit,100370.56240, TradeCount = 874,ex_dLots=1,ex_nIsNewOrder=1000000,ex_bIsNewSession=true,ex_dOpen_abs=0.200,ex_dClose_abs=0.150,ex_dOpen_ma=0.150,ex_dClose_ma=0.150,ex_nCCPeriod=50.000,ex_nMAPeriod=100.000,ex_dRenkoStep=0.200,ex_dP_ABS=500,ex_dP_MIN=100,ex_sProductType=AB05C,ex_bPublishRates=true,, TRADE_VIEW_MT5, XAUUSD, Profit,-3713.11672, TradeCount = 874,, TRADE_VIEW_MT5, USDCNH, Profit,-58743.30065, TradeCount = 874,,
 SHGOLD, Au(T+D), Profit,85809.83440, TradeCount = 1163,ex_dLots=1,ex_nIsNewOrder=1000000,ex_bIsNewSession=true,ex_dOpen_abs=0.200,ex_dClose_abs=0.150,ex_dOpen_ma=0.150,ex_dClose_ma=0.150,ex_nCCPeriod=100.000,ex_nMAPeriod=50.000,ex_dRenkoStep=0.100,ex_dP_ABS=500,ex_dP_MIN=100,ex_sProductType=AB05C,ex_bPublishRates=true,, TRADE_VIEW_MT5, XAUUSD, Profit,-957.77960, TradeCount = 1163,, TRADE_VIEW_MT5, USDCNH, Profit,-83362.25455, TradeCount = 1163,,
 SHGOLD, Au(T+D), Profit,97273.36200, TradeCount = 855,ex_dLots=1,ex_nIsNewOrder=1000000,ex_bIsNewSession=true,ex_dOpen_abs=0.200,ex_dClose_abs=0.150,ex_dOpen_ma=0.150,ex_dClose_ma=0.150,ex_nCCPeriod=100.000,ex_nMAPeriod=50.000,ex_dRenkoStep=0.150,ex_dP_ABS=500,ex_dP_MIN=100,ex_sProductType=AB05C,ex_bPublishRates=true,, TRADE_VIEW_MT5, XAUUSD, Profit,-1438.87568, TradeCount = 855,, TRADE_VIEW_MT5, USDCNH, Profit,-59844.44290, TradeCount = 855,,
 SHGOLD, Au(T+D), Profit,34064.55800, TradeCount = 678,ex_dLots=1,ex_nIsNewOrder=1000000,ex_bIsNewSession=true,ex_dOpen_abs=0.200,ex_dClose_abs=0.150,ex_dOpen_ma=0.150,ex_dClose_ma=0.150,ex_nCCPeriod=100.000,ex_nMAPeriod=50.000,ex_dRenkoStep=0.200,ex_dP_ABS=500,ex_dP_MIN=100,ex_sProductType=AB05C,ex_bPublishRates=true,, TRADE_VIEW_MT5, XAUUSD, Profit,4160.70312, TradeCount = 678,, TRADE_VIEW_MT5, USDCNH, Profit,-30857.28415, TradeCount = 678,,
 SHGOLD, Au(T+D), Profit,90605.96240, TradeCount = 1218,ex_dLots=1,ex_nIsNewOrder=1000000,ex_bIsNewSession=true,ex_dOpen_abs=0.200,ex_dClose_abs=0.150,ex_dOpen_ma=0.150,ex_dClose_ma=0.150,ex_nCCPeriod=100.000,ex_nMAPeriod=100.000,ex_dRenkoStep=0.100,ex_dP_ABS=500,ex_dP_MIN=100,ex_sProductType=AB05C,ex_bPublishRates=true,, TRADE_VIEW_MT5, XAUUSD, Profit,-1768.80136, TradeCount = 1218,, TRADE_VIEW_MT5, USDCNH, Profit,-91340.40600, TradeCount = 1218,,
 SHGOLD, Au(T+D), Profit,105811.90640, TradeCount = 886,ex_dLots=1,ex_nIsNewOrder=1000000,ex_bIsNewSession=true,ex_dOpen_abs=0.200,ex_dClose_abs=0.150,ex_dOpen_ma=0.150,ex_dClose_ma=0.150,ex_nCCPeriod=100.000,ex_nMAPeriod=100.000,ex_dRenkoStep=0.150,ex_dP_ABS=500,ex_dP_MIN=100,ex_sProductType=AB05C,ex_bPublishRates=true,, TRADE_VIEW_MT5, XAUUSD, Profit,-2671.70080, TradeCount = 886,, TRADE_VIEW_MT5, USDCNH, Profit,-62248.17750, TradeCount = 886,,
 SHGOLD, Au(T+D), Profit,36370.44680, TradeCount = 716,ex_dLots=1,ex_nIsNewOrder=1000000,ex_bIsNewSession=true,ex_dOpen_abs=0.200,ex_dClose_abs=0.150,ex_dOpen_ma=0.150,ex_dClose_ma=0.150,ex_nCCPeriod=100.000,ex_nMAPeriod=100.000,ex_dRenkoStep=0.200,ex_dP_ABS=500,ex_dP_MIN=100,ex_sProductType=AB05C,ex_bPublishRates=true,, TRADE_VIEW_MT5, XAUUSD, Profit,4150.03712, TradeCount = 716,, TRADE_VIEW_MT5, USDCNH, Profit,-31479.15125, TradeCount = 716,,
 SHGOLD, Au(T+D), Profit,99610.78080, TradeCount = 1267,ex_dLots=1,ex_nIsNewOrder=1000000,ex_bIsNewSession=true,ex_dOpen_abs=0.200,ex_dClose_abs=0.150,ex_dOpen_ma=0.150,ex_dClose_ma=0.200,ex_nCCPeriod=50.000,ex_nMAPeriod=50.000,ex_dRenkoStep=0.100,ex_dP_ABS=500,ex_dP_MIN=100,ex_sProductType=AB05C,ex_bPublishRates=true,, TRADE_VIEW_MT5, XAUUSD, Profit,-7843.02664, TradeCount = 1267,, TRADE_VIEW_MT5, USDCNH, Profit,-111355.46600, TradeCount = 1267,,
 SHGOLD, Au(T+D), Profit,91275.09040, TradeCount = 949,ex_dLots=1,ex_nIsNewOrder=1000000,ex_bIsNewSession=true,ex_dOpen_abs=0.200,ex_dClose_abs=0.150,ex_dOpen_ma=0.150,ex_dClose_ma=0.200,ex_nCCPeriod=50.000,ex_nMAPeriod=50.000,ex_dRenkoStep=0.150,ex_dP_ABS=500,ex_dP_MIN=100,ex_sProductType=AB05C,ex_bPublishRates=true,, TRADE_VIEW_MT5, XAUUSD, Profit,-2527.23552, TradeCount = 949,, TRADE_VIEW_MT5, USDCNH, Profit,-59186.66360, TradeCount = 949,,
 SHGOLD, Au(T+D), Profit,93163.55000, TradeCount = 742,ex_dLots=1,ex_nIsNewOrder=1000000,ex_bIsNewSession=true,ex_dOpen_abs=0.200,ex_dClose_abs=0.150,ex_dOpen_ma=0.150,ex_dClose_ma=0.200,ex_nCCPeriod=50.000,ex_nMAPeriod=50.000,ex_dRenkoStep=0.200,ex_dP_ABS=500,ex_dP_MIN=100,ex_sProductType=AB05C,ex_bPublishRates=true,, TRADE_VIEW_MT5, XAUUSD, Profit,-1170.01320, TradeCount = 742,, TRADE_VIEW_MT5, USDCNH, Profit,-58403.45380, TradeCount = 742,,
 SHGOLD, Au(T+D), Profit,76085.83640, TradeCount = 1405,ex_dLots=1,ex_nIsNewOrder=1000000,ex_bIsNewSession=true,ex_dOpen_abs=0.200,ex_dClose_abs=0.150,ex_dOpen_ma=0.150,ex_dClose_ma=0.200,ex_nCCPeriod=50.000,ex_nMAPeriod=100.000,ex_dRenkoStep=0.100,ex_dP_ABS=500,ex_dP_MIN=100,ex_sProductType=AB05C,ex_bPublishRates=true,, TRADE_VIEW_MT5, XAUUSD, Profit,-7687.93608, TradeCount = 1405,, TRADE_VIEW_MT5, USDCNH, Profit,-101484.75840, TradeCount = 1405,,
 SHGOLD, Au(T+D), Profit,72870.45480, TradeCount = 1052,ex_dLots=1,ex_nIsNewOrder=1000000,ex_bIsNewSession=true,ex_dOpen_abs=0.200,ex_dClose_abs=0.150,ex_dOpen_ma=0.150,ex_dClose_ma=0.200,ex_nCCPeriod=50.000,ex_nMAPeriod=100.000,ex_dRenkoStep=0.150,ex_dP_ABS=500,ex_dP_MIN=100,ex_sProductType=AB05C,ex_bPublishRates=true,, TRADE_VIEW_MT5, XAUUSD, Profit,-932.91448, TradeCount = 1052,, TRADE_VIEW_MT5, USDCNH, Profit,-49559.43515, TradeCount = 1052,,
 SHGOLD, Au(T+D), Profit,90423.45440, TradeCount = 814,ex_dLots=1,ex_nIsNewOrder=1000000,ex_bIsNewSession=true,ex_dOpen_abs=0.200,ex_dClose_abs=0.150,ex_dOpen_ma=0.150,ex_dClose_ma=0.200,ex_nCCPeriod=50.000,ex_nMAPeriod=100.000,ex_dRenkoStep=0.200,ex_dP_ABS=500,ex_dP_MIN=100,ex_sProductType=AB05C,ex_bPublishRates=true,, TRADE_VIEW_MT5, XAUUSD, Profit,-2118.83848, TradeCount = 814,, TRADE_VIEW_MT5, USDCNH, Profit,-49208.53105, TradeCount = 814,,
 SHGOLD, Au(T+D), Profit,100819.73840, TradeCount = 992,ex_dLots=1,ex_nIsNewOrder=1000000,ex_bIsNewSession=true,ex_dOpen_abs=0.200,ex_dClose_abs=0.150,ex_dOpen_ma=0.150,ex_dClose_ma=0.200,ex_nCCPeriod=100.000,ex_nMAPeriod=50.000,ex_dRenkoStep=0.100,ex_dP_ABS=500,ex_dP_MIN=100,ex_sProductType=AB05C,ex_bPublishRates=true,, TRADE_VIEW_MT5, XAUUSD, Profit,-1464.99784, TradeCount = 992,, TRADE_VIEW_MT5, USDCNH, Profit,-80764.24585, TradeCount = 992,,
 SHGOLD, Au(T+D), Profit,96586.05360, TradeCount = 746,ex_dLots=1,ex_nIsNewOrder=1000000,ex_bIsNewSession=true,ex_dOpen_abs=0.200,ex_dClose_abs=0.150,ex_dOpen_ma=0.150,ex_dClose_ma=0.200,ex_nCCPeriod=100.000,ex_nMAPeriod=50.000,ex_dRenkoStep=0.150,ex_dP_ABS=500,ex_dP_MIN=100,ex_sProductType=AB05C,ex_bPublishRates=true,, TRADE_VIEW_MT5, XAUUSD, Profit,-814.77160, TradeCount = 746,, TRADE_VIEW_MT5, USDCNH, Profit,-53863.93575, TradeCount = 746,,
 SHGOLD, Au(T+D), Profit,34757.42880, TradeCount = 587,ex_dLots=1,ex_nIsNewOrder=1000000,ex_bIsNewSession=true,ex_dOpen_abs=0.200,ex_dClose_abs=0.150,ex_dOpen_ma=0.150,ex_dClose_ma=0.200,ex_nCCPeriod=100.000,ex_nMAPeriod=50.000,ex_dRenkoStep=0.200,ex_dP_ABS=500,ex_dP_MIN=100,ex_sProductType=AB05C,ex_bPublishRates=true,, TRADE_VIEW_MT5, XAUUSD, Profit,4535.62400, TradeCount = 587,, TRADE_VIEW_MT5, USDCNH, Profit,-21002.32350, TradeCount = 587,,
 SHGOLD, Au(T+D), Profit,86494.69840, TradeCount = 1102,ex_dLots=1,ex_nIsNewOrder=1000000,ex_bIsNewSession=true,ex_dOpen_abs=0.200,ex_dClose_abs=0.150,ex_dOpen_ma=0.150,ex_dClose_ma=0.200,ex_nCCPeriod=100.000,ex_nMAPeriod=100.000,ex_dRenkoStep=0.100,ex_dP_ABS=500,ex_dP_MIN=100,ex_sProductType=AB05C,ex_bPublishRates=true,, TRADE_VIEW_MT5, XAUUSD, Profit,-1517.33632, TradeCount = 1102,, TRADE_VIEW_MT5, USDCNH, Profit,-66061.55335, TradeCount = 1102,,
 SHGOLD, Au(T+D), Profit,100109.19040, TradeCount = 821,ex_dLots=1,ex_nIsNewOrder=1000000,ex_bIsNewSession=true,ex_dOpen_abs=0.200,ex_dClose_abs=0.150,ex_dOpen_ma=0.150,ex_dClose_ma=0.200,ex_nCCPeriod=100.000,ex_nMAPeriod=100.000,ex_dRenkoStep=0.150,ex_dP_ABS=500,ex_dP_MIN=100,ex_sProductType=AB05C,ex_bPublishRates=true,, TRADE_VIEW_MT5, XAUUSD, Profit,-841.36352, TradeCount = 821,, TRADE_VIEW_MT5, USDCNH, Profit,-56836.14985, TradeCount = 821,,
 SHGOLD, Au(T+D), Profit,37499.32200, TradeCount = 666,ex_dLots=1,ex_nIsNewOrder=1000000,ex_bIsNewSession=true,ex_dOpen_abs=0.200,ex_dClose_abs=0.150,ex_dOpen_ma=0.150,ex_dClose_ma=0.200,ex_nCCPeriod=100.000,ex_nMAPeriod=100.000,ex_dRenkoStep=0.200,ex_dP_ABS=500,ex_dP_MIN=100,ex_sProductType=AB05C,ex_bPublishRates=true,, TRADE_VIEW_MT5, XAUUSD, Profit,4411.64432, TradeCount = 666,, TRADE_VIEW_MT5, USDCNH, Profit,-28394.42690, TradeCount = 666,,
 SHGOLD, Au(T+D), Profit,87973.23240, TradeCount = 1326,ex_dLots=1,ex_nIsNewOrder=1000000,ex_bIsNewSession=true,ex_dOpen_abs=0.200,ex_dClose_abs=0.150,ex_dOpen_ma=0.200,ex_dClose_ma=0.150,ex_nCCPeriod=50.000,ex_nMAPeriod=50.000,ex_dRenkoStep=0.100,ex_dP_ABS=500,ex_dP_MIN=100,ex_sProductType=AB05C,ex_bPublishRates=true,, TRADE_VIEW_MT5, XAUUSD, Profit,-7974.06400, TradeCount = 1326,, TRADE_VIEW_MT5, USDCNH, Profit,-100424.97935, TradeCount = 1326,,
 SHGOLD, Au(T+D), Profit,92321.87880, TradeCount = 1000,ex_dLots=1,ex_nIsNewOrder=1000000,ex_bIsNewSession=true,ex_dOpen_abs=0.200,ex_dClose_abs=0.150,ex_dOpen_ma=0.200,ex_dClose_ma=0.150,ex_nCCPeriod=50.000,ex_nMAPeriod=50.000,ex_dRenkoStep=0.150,ex_dP_ABS=500,ex_dP_MIN=100,ex_sProductType=AB05C,ex_bPublishRates=true,, TRADE_VIEW_MT5, XAUUSD, Profit,-3116.07792, TradeCount = 1000,, TRADE_VIEW_MT5, USDCNH, Profit,-59921.98510, TradeCount = 1000,,
 SHGOLD, Au(T+D), Profit,106516.77400, TradeCount = 777,ex_dLots=1,ex_nIsNewOrder=1000000,ex_bIsNewSession=true,ex_dOpen_abs=0.200,ex_dClose_abs=0.150,ex_dOpen_ma=0.200,ex_dClose_ma=0.150,ex_nCCPeriod=50.000,ex_nMAPeriod=50.000,ex_dRenkoStep=0.200,ex_dP_ABS=500,ex_dP_MIN=100,ex_sProductType=AB05C,ex_bPublishRates=true,, TRADE_VIEW_MT5, XAUUSD, Profit,-3604.10592, TradeCount = 777,, TRADE_VIEW_MT5, USDCNH, Profit,-53891.79795, TradeCount = 777,,
 SHGOLD, Au(T+D), Profit,81720.40440, TradeCount = 1458,ex_dLots=1,ex_nIsNewOrder=1000000,ex_bIsNewSession=true,ex_dOpen_abs=0.200,ex_dClose_abs=0.150,ex_dOpen_ma=0.200,ex_dClose_ma=0.150,ex_nCCPeriod=50.000,ex_nMAPeriod=100.000,ex_dRenkoStep=0.100,ex_dP_ABS=500,ex_dP_MIN=100,ex_sProductType=AB05C,ex_bPublishRates=true,, TRADE_VIEW_MT5, XAUUSD, Profit,-8070.85328, TradeCount = 1458,, TRADE_VIEW_MT5, USDCNH, Profit,-102835.78760, TradeCount = 1458,,
 SHGOLD, Au(T+D), Profit,91024.61800, TradeCount = 1079,ex_dLots=1,ex_nIsNewOrder=1000000,ex_bIsNewSession=true,ex_dOpen_abs=0.200,ex_dClose_abs=0.150,ex_dOpen_ma=0.200,ex_dClose_ma=0.150,ex_nCCPeriod=50.000,ex_nMAPeriod=100.000,ex_dRenkoStep=0.150,ex_dP_ABS=500,ex_dP_MIN=100,ex_sProductType=AB05C,ex_bPublishRates=true,, TRADE_VIEW_MT5, XAUUSD, Profit,-3806.90440, TradeCount = 1079,, TRADE_VIEW_MT5, USDCNH, Profit,-56814.90475, TradeCount = 1079,,
 SHGOLD, Au(T+D), Profit,97944.43480, TradeCount = 823,ex_dLots=1,ex_nIsNewOrder=1000000,ex_bIsNewSession=true,ex_dOpen_abs=0.200,ex_dClose_abs=0.150,ex_dOpen_ma=0.200,ex_dClose_ma=0.150,ex_nCCPeriod=50.000,ex_nMAPeriod=100.000,ex_dRenkoStep=0.200,ex_dP_ABS=500,ex_dP_MIN=100,ex_sProductType=AB05C,ex_bPublishRates=true,, TRADE_VIEW_MT5, XAUUSD, Profit,-2723.38568, TradeCount = 823,, TRADE_VIEW_MT5, USDCNH, Profit,-52593.94130, TradeCount = 823,,
 SHGOLD, Au(T+D), Profit,94264.31400, TradeCount = 1058,ex_dLots=1,ex_nIsNewOrder=1000000,ex_bIsNewSession=true,ex_dOpen_abs=0.200,ex_dClose_abs=0.150,ex_dOpen_ma=0.200,ex_dClose_ma=0.150,ex_nCCPeriod=100.000,ex_nMAPeriod=50.000,ex_dRenkoStep=0.100,ex_dP_ABS=500,ex_dP_MIN=100,ex_sProductType=AB05C,ex_bPublishRates=true,, TRADE_VIEW_MT5, XAUUSD, Profit,-1204.29816, TradeCount = 1058,, TRADE_VIEW_MT5, USDCNH, Profit,-73473.19985, TradeCount = 1058,,
 SHGOLD, Au(T+D), Profit,112512.80200, TradeCount = 778,ex_dLots=1,ex_nIsNewOrder=1000000,ex_bIsNewSession=true,ex_dOpen_abs=0.200,ex_dClose_abs=0.150,ex_dOpen_ma=0.200,ex_dClose_ma=0.150,ex_nCCPeriod=100.000,ex_nMAPeriod=50.000,ex_dRenkoStep=0.150,ex_dP_ABS=500,ex_dP_MIN=100,ex_sProductType=AB05C,ex_bPublishRates=true,, TRADE_VIEW_MT5, XAUUSD, Profit,-3643.27040, TradeCount = 778,, TRADE_VIEW_MT5, USDCNH, Profit,-55619.00250, TradeCount = 778,,
 SHGOLD, Au(T+D), Profit,43652.92120, TradeCount = 621,ex_dLots=1,ex_nIsNewOrder=1000000,ex_bIsNewSession=true,ex_dOpen_abs=0.200,ex_dClose_abs=0.150,ex_dOpen_ma=0.200,ex_dClose_ma=0.150,ex_nCCPeriod=100.000,ex_nMAPeriod=50.000,ex_dRenkoStep=0.200,ex_dP_ABS=500,ex_dP_MIN=100,ex_sProductType=AB05C,ex_bPublishRates=true,, TRADE_VIEW_MT5, XAUUSD, Profit,3013.55256, TradeCount = 621,, TRADE_VIEW_MT5, USDCNH, Profit,-27230.24050, TradeCount = 621,,
 SHGOLD, Au(T+D), Profit,102890.39760, TradeCount = 1141,ex_dLots=1,ex_nIsNewOrder=1000000,ex_bIsNewSession=true,ex_dOpen_abs=0.200,ex_dClose_abs=0.150,ex_dOpen_ma=0.200,ex_dClose_ma=0.150,ex_nCCPeriod=100.000,ex_nMAPeriod=100.000,ex_dRenkoStep=0.100,ex_dP_ABS=500,ex_dP_MIN=100,ex_sProductType=AB05C,ex_bPublishRates=true,, TRADE_VIEW_MT5, XAUUSD, Profit,-3179.71696, TradeCount = 1141,, TRADE_VIEW_MT5, USDCNH, Profit,-79013.00745, TradeCount = 1141,,
 SHGOLD, Au(T+D), Profit,108519.25080, TradeCount = 831,ex_dLots=1,ex_nIsNewOrder=1000000,ex_bIsNewSession=true,ex_dOpen_abs=0.200,ex_dClose_abs=0.150,ex_dOpen_ma=0.200,ex_dClose_ma=0.150,ex_nCCPeriod=100.000,ex_nMAPeriod=100.000,ex_dRenkoStep=0.150,ex_dP_ABS=500,ex_dP_MIN=100,ex_sProductType=AB05C,ex_bPublishRates=true,, TRADE_VIEW_MT5, XAUUSD, Profit,-2637.51184, TradeCount = 831,, TRADE_VIEW_MT5, USDCNH, Profit,-56971.17710, TradeCount = 831,,
 SHGOLD, Au(T+D), Profit,35535.65000, TradeCount = 689,ex_dLots=1,ex_nIsNewOrder=1000000,ex_bIsNewSession=true,ex_dOpen_abs=0.200,ex_dClose_abs=0.150,ex_dOpen_ma=0.200,ex_dClose_ma=0.150,ex_nCCPeriod=100.000,ex_nMAPeriod=100.000,ex_dRenkoStep=0.200,ex_dP_ABS=500,ex_dP_MIN=100,ex_sProductType=AB05C,ex_bPublishRates=true,, TRADE_VIEW_MT5, XAUUSD, Profit,5240.71240, TradeCount = 689,, TRADE_VIEW_MT5, USDCNH, Profit,-30373.78620, TradeCount = 689,,
 SHGOLD, Au(T+D), Profit,107729.77960, TradeCount = 1188,ex_dLots=1,ex_nIsNewOrder=1000000,ex_bIsNewSession=true,ex_dOpen_abs=0.200,ex_dClose_abs=0.150,ex_dOpen_ma=0.200,ex_dClose_ma=0.200,ex_nCCPeriod=50.000,ex_nMAPeriod=50.000,ex_dRenkoStep=0.100,ex_dP_ABS=500,ex_dP_MIN=100,ex_sProductType=AB05C,ex_bPublishRates=true,, TRADE_VIEW_MT5, XAUUSD, Profit,-8214.33752, TradeCount = 1188,, TRADE_VIEW_MT5, USDCNH, Profit,-100182.70885, TradeCount = 1188,,
 SHGOLD, Au(T+D), Profit,89586.93440, TradeCount = 904,ex_dLots=1,ex_nIsNewOrder=1000000,ex_bIsNewSession=true,ex_dOpen_abs=0.200,ex_dClose_abs=0.150,ex_dOpen_ma=0.200,ex_dClose_ma=0.200,ex_nCCPeriod=50.000,ex_nMAPeriod=50.000,ex_dRenkoStep=0.150,ex_dP_ABS=500,ex_dP_MIN=100,ex_sProductType=AB05C,ex_bPublishRates=true,, TRADE_VIEW_MT5, XAUUSD, Profit,-889.22008, TradeCount = 904,, TRADE_VIEW_MT5, USDCNH, Profit,-58839.12900, TradeCount = 904,,
 SHGOLD, Au(T+D), Profit,91350.56600, TradeCount = 707,ex_dLots=1,ex_nIsNewOrder=1000000,ex_bIsNewSession=true,ex_dOpen_abs=0.200,ex_dClose_abs=0.150,ex_dOpen_ma=0.200,ex_dClose_ma=0.200,ex_nCCPeriod=50.000,ex_nMAPeriod=50.000,ex_dRenkoStep=0.200,ex_dP_ABS=500,ex_dP_MIN=100,ex_sProductType=AB05C,ex_bPublishRates=true,, TRADE_VIEW_MT5, XAUUSD, Profit,-79.83136, TradeCount = 707,, TRADE_VIEW_MT5, USDCNH, Profit,-57310.17525, TradeCount = 707,,
 SHGOLD, Au(T+D), Profit,87948.92800, TradeCount = 1342,ex_dLots=1,ex_nIsNewOrder=1000000,ex_bIsNewSession=true,ex_dOpen_abs=0.200,ex_dClose_abs=0.150,ex_dOpen_ma=0.200,ex_dClose_ma=0.200,ex_nCCPeriod=50.000,ex_nMAPeriod=100.000,ex_dRenkoStep=0.100,ex_dP_ABS=500,ex_dP_MIN=100,ex_sProductType=AB05C,ex_bPublishRates=true,, TRADE_VIEW_MT5, XAUUSD, Profit,-8607.68816, TradeCount = 1342,, TRADE_VIEW_MT5, USDCNH, Profit,-92664.58615, TradeCount = 1342,,
 SHGOLD, Au(T+D), Profit,84383.67760, TradeCount = 1002,ex_dLots=1,ex_nIsNewOrder=1000000,ex_bIsNewSession=true,ex_dOpen_abs=0.200,ex_dClose_abs=0.150,ex_dOpen_ma=0.200,ex_dClose_ma=0.200,ex_nCCPeriod=50.000,ex_nMAPeriod=100.000,ex_dRenkoStep=0.150,ex_dP_ABS=500,ex_dP_MIN=100,ex_sProductType=AB05C,ex_bPublishRates=true,, TRADE_VIEW_MT5, XAUUSD, Profit,-1915.71376, TradeCount = 1002,, TRADE_VIEW_MT5, USDCNH, Profit,-49845.23315, TradeCount = 1002,,
 SHGOLD, Au(T+D), Profit,91285.12240, TradeCount = 780,ex_dLots=1,ex_nIsNewOrder=1000000,ex_bIsNewSession=true,ex_dOpen_abs=0.200,ex_dClose_abs=0.150,ex_dOpen_ma=0.200,ex_dClose_ma=0.200,ex_nCCPeriod=50.000,ex_nMAPeriod=100.000,ex_dRenkoStep=0.200,ex_dP_ABS=500,ex_dP_MIN=100,ex_sProductType=AB05C,ex_bPublishRates=true,, TRADE_VIEW_MT5, XAUUSD, Profit,-1582.94984, TradeCount = 780,, TRADE_VIEW_MT5, USDCNH, Profit,-45215.12385, TradeCount = 780,,
 SHGOLD, Au(T+D), Profit,106515.69400, TradeCount = 943,ex_dLots=1,ex_nIsNewOrder=1000000,ex_bIsNewSession=true,ex_dOpen_abs=0.200,ex_dClose_abs=0.150,ex_dOpen_ma=0.200,ex_dClose_ma=0.200,ex_nCCPeriod=100.000,ex_nMAPeriod=50.000,ex_dRenkoStep=0.100,ex_dP_ABS=500,ex_dP_MIN=100,ex_sProductType=AB05C,ex_bPublishRates=true,, TRADE_VIEW_MT5, XAUUSD, Profit,-1987.68416, TradeCount = 943,, TRADE_VIEW_MT5, USDCNH, Profit,-68607.96615, TradeCount = 943,,
 SHGOLD, Au(T+D), Profit,105050.40600, TradeCount = 702,ex_dLots=1,ex_nIsNewOrder=1000000,ex_bIsNewSession=true,ex_dOpen_abs=0.200,ex_dClose_abs=0.150,ex_dOpen_ma=0.200,ex_dClose_ma=0.200,ex_nCCPeriod=100.000,ex_nMAPeriod=50.000,ex_dRenkoStep=0.150,ex_dP_ABS=500,ex_dP_MIN=100,ex_sProductType=AB05C,ex_bPublishRates=true,, TRADE_VIEW_MT5, XAUUSD, Profit,-1704.09304, TradeCount = 702,, TRADE_VIEW_MT5, USDCNH, Profit,-53001.88540, TradeCount = 702,,
 SHGOLD, Au(T+D), Profit,40766.08480, TradeCount = 555,ex_dLots=1,ex_nIsNewOrder=1000000,ex_bIsNewSession=true,ex_dOpen_abs=0.200,ex_dClose_abs=0.150,ex_dOpen_ma=0.200,ex_dClose_ma=0.200,ex_nCCPeriod=100.000,ex_nMAPeriod=50.000,ex_dRenkoStep=0.200,ex_dP_ABS=500,ex_dP_MIN=100,ex_sProductType=AB05C,ex_bPublishRates=true,, TRADE_VIEW_MT5, XAUUSD, Profit,3964.71568, TradeCount = 555,, TRADE_VIEW_MT5, USDCNH, Profit,-20799.12080, TradeCount = 555,,
 SHGOLD, Au(T+D), Profit,94016.87360, TradeCount = 1060,ex_dLots=1,ex_nIsNewOrder=1000000,ex_bIsNewSession=true,ex_dOpen_abs=0.200,ex_dClose_abs=0.150,ex_dOpen_ma=0.200,ex_dClose_ma=0.200,ex_nCCPeriod=100.000,ex_nMAPeriod=100.000,ex_dRenkoStep=0.100,ex_dP_ABS=500,ex_dP_MIN=100,ex_sProductType=AB05C,ex_bPublishRates=true,, TRADE_VIEW_MT5, XAUUSD, Profit,-1832.23888, TradeCount = 1060,, TRADE_VIEW_MT5, USDCNH, Profit,-63353.64030, TradeCount = 1060,,
 SHGOLD, Au(T+D), Profit,112525.71000, TradeCount = 780,ex_dLots=1,ex_nIsNewOrder=1000000,ex_bIsNewSession=true,ex_dOpen_abs=0.200,ex_dClose_abs=0.150,ex_dOpen_ma=0.200,ex_dClose_ma=0.200,ex_nCCPeriod=100.000,ex_nMAPeriod=100.000,ex_dRenkoStep=0.150,ex_dP_ABS=500,ex_dP_MIN=100,ex_sProductType=AB05C,ex_bPublishRates=true,, TRADE_VIEW_MT5, XAUUSD, Profit,-2813.17184, TradeCount = 780,, TRADE_VIEW_MT5, USDCNH, Profit,-51963.70910, TradeCount = 780,,
 SHGOLD, Au(T+D), Profit,40249.76960, TradeCount = 645,ex_dLots=1,ex_nIsNewOrder=1000000,ex_bIsNewSession=true,ex_dOpen_abs=0.200,ex_dClose_abs=0.150,ex_dOpen_ma=0.200,ex_dClose_ma=0.200,ex_nCCPeriod=100.000,ex_nMAPeriod=100.000,ex_dRenkoStep=0.200,ex_dP_ABS=500,ex_dP_MIN=100,ex_sProductType=AB05C,ex_bPublishRates=true,, TRADE_VIEW_MT5, XAUUSD, Profit,4876.88992, TradeCount = 645,, TRADE_VIEW_MT5, USDCNH, Profit,-28209.00435, TradeCount = 645,,
 SHGOLD, Au(T+D), Profit,90506.19240, TradeCount = 1244,ex_dLots=1,ex_nIsNewOrder=1000000,ex_bIsNewSession=true,ex_dOpen_abs=0.200,ex_dClose_abs=0.200,ex_dOpen_ma=0.150,ex_dClose_ma=0.150,ex_nCCPeriod=50.000,ex_nMAPeriod=50.000,ex_dRenkoStep=0.100,ex_dP_ABS=500,ex_dP_MIN=100,ex_sProductType=AB05C,ex_bPublishRates=true,, TRADE_VIEW_MT5, XAUUSD, Profit,-7169.91952, TradeCount = 1244,, TRADE_VIEW_MT5, USDCNH, Profit,-82671.89115, TradeCount = 1244,,
 SHGOLD, Au(T+D), Profit,118820.74840, TradeCount = 905,ex_dLots=1,ex_nIsNewOrder=1000000,ex_bIsNewSession=true,ex_dOpen_abs=0.200,ex_dClose_abs=0.200,ex_dOpen_ma=0.150,ex_dClose_ma=0.150,ex_nCCPeriod=50.000,ex_nMAPeriod=50.000,ex_dRenkoStep=0.150,ex_dP_ABS=500,ex_dP_MIN=100,ex_sProductType=AB05C,ex_bPublishRates=true,, TRADE_VIEW_MT5, XAUUSD, Profit,-7062.77816, TradeCount = 905,, TRADE_VIEW_MT5, USDCNH, Profit,-43060.30560, TradeCount = 905,,
 SHGOLD, Au(T+D), Profit,90695.58600, TradeCount = 699,ex_dLots=1,ex_nIsNewOrder=1000000,ex_bIsNewSession=true,ex_dOpen_abs=0.200,ex_dClose_abs=0.200,ex_dOpen_ma=0.150,ex_dClose_ma=0.150,ex_nCCPeriod=50.000,ex_nMAPeriod=50.000,ex_dRenkoStep=0.200,ex_dP_ABS=500,ex_dP_MIN=100,ex_sProductType=AB05C,ex_bPublishRates=true,, TRADE_VIEW_MT5, XAUUSD, Profit,-1652.66760, TradeCount = 699,, TRADE_VIEW_MT5, USDCNH, Profit,-43319.31090, TradeCount = 699,,
 SHGOLD, Au(T+D), Profit,70793.57720, TradeCount = 1314,ex_dLots=1,ex_nIsNewOrder=1000000,ex_bIsNewSession=true,ex_dOpen_abs=0.200,ex_dClose_abs=0.200,ex_dOpen_ma=0.150,ex_dClose_ma=0.150,ex_nCCPeriod=50.000,ex_nMAPeriod=100.000,ex_dRenkoStep=0.100,ex_dP_ABS=500,ex_dP_MIN=100,ex_sProductType=AB05C,ex_bPublishRates=true,, TRADE_VIEW_MT5, XAUUSD, Profit,-4569.54192, TradeCount = 1314,, TRADE_VIEW_MT5, USDCNH, Profit,-86760.74720, TradeCount = 1314,,
 SHGOLD, Au(T+D), Profit,102167.50960, TradeCount = 966,ex_dLots=1,ex_nIsNewOrder=1000000,ex_bIsNewSession=true,ex_dOpen_abs=0.200,ex_dClose_abs=0.200,ex_dOpen_ma=0.150,ex_dClose_ma=0.150,ex_nCCPeriod=50.000,ex_nMAPeriod=100.000,ex_dRenkoStep=0.150,ex_dP_ABS=500,ex_dP_MIN=100,ex_sProductType=AB05C,ex_bPublishRates=true,, TRADE_VIEW_MT5, XAUUSD, Profit,-4344.22288, TradeCount = 966,, TRADE_VIEW_MT5, USDCNH, Profit,-45502.11210, TradeCount = 966,,
 SHGOLD, Au(T+D), Profit,96012.72200, TradeCount = 722,ex_dLots=1,ex_nIsNewOrder=1000000,ex_bIsNewSession=true,ex_dOpen_abs=0.200,ex_dClose_abs=0.200,ex_dOpen_ma=0.150,ex_dClose_ma=0.150,ex_nCCPeriod=50.000,ex_nMAPeriod=100.000,ex_dRenkoStep=0.200,ex_dP_ABS=500,ex_dP_MIN=100,ex_sProductType=AB05C,ex_bPublishRates=true,, TRADE_VIEW_MT5, XAUUSD, Profit,-2721.71704, TradeCount = 722,, TRADE_VIEW_MT5, USDCNH, Profit,-41719.43090, TradeCount = 722,,
 SHGOLD, Au(T+D), Profit,124040.28880, TradeCount = 964,ex_dLots=1,ex_nIsNewOrder=1000000,ex_bIsNewSession=true,ex_dOpen_abs=0.200,ex_dClose_abs=0.200,ex_dOpen_ma=0.150,ex_dClose_ma=0.150,ex_nCCPeriod=100.000,ex_nMAPeriod=50.000,ex_dRenkoStep=0.100,ex_dP_ABS=500,ex_dP_MIN=100,ex_sProductType=AB05C,ex_bPublishRates=true,, TRADE_VIEW_MT5, XAUUSD, Profit,-5377.39224, TradeCount = 964,, TRADE_VIEW_MT5, USDCNH, Profit,-67562.29645, TradeCount = 964,,
 SHGOLD, Au(T+D), Profit,90405.12000, TradeCount = 720,ex_dLots=1,ex_nIsNewOrder=1000000,ex_bIsNewSession=true,ex_dOpen_abs=0.200,ex_dClose_abs=0.200,ex_dOpen_ma=0.150,ex_dClose_ma=0.150,ex_nCCPeriod=100.000,ex_nMAPeriod=50.000,ex_dRenkoStep=0.150,ex_dP_ABS=500,ex_dP_MIN=100,ex_sProductType=AB05C,ex_bPublishRates=true,, TRADE_VIEW_MT5, XAUUSD, Profit,1091.09528, TradeCount = 720,, TRADE_VIEW_MT5, USDCNH, Profit,-46077.89985, TradeCount = 720,,
 SHGOLD, Au(T+D), Profit,55256.29320, TradeCount = 561,ex_dLots=1,ex_nIsNewOrder=1000000,ex_bIsNewSession=true,ex_dOpen_abs=0.200,ex_dClose_abs=0.200,ex_dOpen_ma=0.150,ex_dClose_ma=0.150,ex_nCCPeriod=100.000,ex_nMAPeriod=50.000,ex_dRenkoStep=0.200,ex_dP_ABS=500,ex_dP_MIN=100,ex_sProductType=AB05C,ex_bPublishRates=true,, TRADE_VIEW_MT5, XAUUSD, Profit,1946.48848, TradeCount = 561,, TRADE_VIEW_MT5, USDCNH, Profit,-14201.18670, TradeCount = 561,,
 SHGOLD, Au(T+D), Profit,102848.23360, TradeCount = 1012,ex_dLots=1,ex_nIsNewOrder=1000000,ex_bIsNewSession=true,ex_dOpen_abs=0.200,ex_dClose_abs=0.200,ex_dOpen_ma=0.150,ex_dClose_ma=0.150,ex_nCCPeriod=100.000,ex_nMAPeriod=100.000,ex_dRenkoStep=0.100,ex_dP_ABS=500,ex_dP_MIN=100,ex_sProductType=AB05C,ex_bPublishRates=true,, TRADE_VIEW_MT5, XAUUSD, Profit,-3302.20216, TradeCount = 1012,, TRADE_VIEW_MT5, USDCNH, Profit,-68842.73290, TradeCount = 1012,,
 SHGOLD, Au(T+D), Profit,102733.13360, TradeCount = 753,ex_dLots=1,ex_nIsNewOrder=1000000,ex_bIsNewSession=true,ex_dOpen_abs=0.200,ex_dClose_abs=0.200,ex_dOpen_ma=0.150,ex_dClose_ma=0.150,ex_nCCPeriod=100.000,ex_nMAPeriod=100.000,ex_dRenkoStep=0.150,ex_dP_ABS=500,ex_dP_MIN=100,ex_sProductType=AB05C,ex_bPublishRates=true,, TRADE_VIEW_MT5, XAUUSD, Profit,-834.13272, TradeCount = 753,, TRADE_VIEW_MT5, USDCNH, Profit,-47758.68695, TradeCount = 753,,
 SHGOLD, Au(T+D), Profit,72379.44480, TradeCount = 597,ex_dLots=1,ex_nIsNewOrder=1000000,ex_bIsNewSession=true,ex_dOpen_abs=0.200,ex_dClose_abs=0.200,ex_dOpen_ma=0.150,ex_dClose_ma=0.150,ex_nCCPeriod=100.000,ex_nMAPeriod=100.000,ex_dRenkoStep=0.200,ex_dP_ABS=500,ex_dP_MIN=100,ex_sProductType=AB05C,ex_bPublishRates=true,, TRADE_VIEW_MT5, XAUUSD, Profit,-625.05232, TradeCount = 597,, TRADE_VIEW_MT5, USDCNH, Profit,-12716.28140, TradeCount = 597,,
 SHGOLD, Au(T+D), Profit,111663.87200, TradeCount = 1071,ex_dLots=1,ex_nIsNewOrder=1000000,ex_bIsNewSession=true,ex_dOpen_abs=0.200,ex_dClose_abs=0.200,ex_dOpen_ma=0.150,ex_dClose_ma=0.200,ex_nCCPeriod=50.000,ex_nMAPeriod=50.000,ex_dRenkoStep=0.100,ex_dP_ABS=500,ex_dP_MIN=100,ex_sProductType=AB05C,ex_bPublishRates=true,, TRADE_VIEW_MT5, XAUUSD, Profit,-8826.80032, TradeCount = 1071,, TRADE_VIEW_MT5, USDCNH, Profit,-74991.65870, TradeCount = 1071,,
 SHGOLD, Au(T+D), Profit,119600.53720, TradeCount = 803,ex_dLots=1,ex_nIsNewOrder=1000000,ex_bIsNewSession=true,ex_dOpen_abs=0.200,ex_dClose_abs=0.200,ex_dOpen_ma=0.150,ex_dClose_ma=0.200,ex_nCCPeriod=50.000,ex_nMAPeriod=50.000,ex_dRenkoStep=0.150,ex_dP_ABS=500,ex_dP_MIN=100,ex_sProductType=AB05C,ex_bPublishRates=true,, TRADE_VIEW_MT5, XAUUSD, Profit,-4948.29080, TradeCount = 803,, TRADE_VIEW_MT5, USDCNH, Profit,-47927.54835, TradeCount = 803,,
 SHGOLD, Au(T+D), Profit,70943.33400, TradeCount = 629,ex_dLots=1,ex_nIsNewOrder=1000000,ex_bIsNewSession=true,ex_dOpen_abs=0.200,ex_dClose_abs=0.200,ex_dOpen_ma=0.150,ex_dClose_ma=0.200,ex_nCCPeriod=50.000,ex_nMAPeriod=50.000,ex_dRenkoStep=0.200,ex_dP_ABS=500,ex_dP_MIN=100,ex_sProductType=AB05C,ex_bPublishRates=true,, TRADE_VIEW_MT5, XAUUSD, Profit,2360.67688, TradeCount = 629,, TRADE_VIEW_MT5, USDCNH, Profit,-41875.41460, TradeCount = 629,,
 SHGOLD, Au(T+D), Profit,91486.38480, TradeCount = 1192,ex_dLots=1,ex_nIsNewOrder=1000000,ex_bIsNewSession=true,ex_dOpen_abs=0.200,ex_dClose_abs=0.200,ex_dOpen_ma=0.150,ex_dClose_ma=0.200,ex_nCCPeriod=50.000,ex_nMAPeriod=100.000,ex_dRenkoStep=0.100,ex_dP_ABS=500,ex_dP_MIN=100,ex_sProductType=AB05C,ex_bPublishRates=true,, TRADE_VIEW_MT5, XAUUSD, Profit,-9194.67064, TradeCount = 1192,, TRADE_VIEW_MT5, USDCNH, Profit,-60987.07830, TradeCount = 1192,,
 SHGOLD, Au(T+D), Profit,108198.96560, TradeCount = 896,ex_dLots=1,ex_nIsNewOrder=1000000,ex_bIsNewSession=true,ex_dOpen_abs=0.200,ex_dClose_abs=0.200,ex_dOpen_ma=0.150,ex_dClose_ma=0.200,ex_nCCPeriod=50.000,ex_nMAPeriod=100.000,ex_dRenkoStep=0.150,ex_dP_ABS=500,ex_dP_MIN=100,ex_sProductType=AB05C,ex_bPublishRates=true,, TRADE_VIEW_MT5, XAUUSD, Profit,-5310.80464, TradeCount = 896,, TRADE_VIEW_MT5, USDCNH, Profit,-39747.69035, TradeCount = 896,,
 SHGOLD, Au(T+D), Profit,78185.16160, TradeCount = 686,ex_dLots=1,ex_nIsNewOrder=1000000,ex_bIsNewSession=true,ex_dOpen_abs=0.200,ex_dClose_abs=0.200,ex_dOpen_ma=0.150,ex_dClose_ma=0.200,ex_nCCPeriod=50.000,ex_nMAPeriod=100.000,ex_dRenkoStep=0.200,ex_dP_ABS=500,ex_dP_MIN=100,ex_sProductType=AB05C,ex_bPublishRates=true,, TRADE_VIEW_MT5, XAUUSD, Profit,173.97456, TradeCount = 686,, TRADE_VIEW_MT5, USDCNH, Profit,-35927.03960, TradeCount = 686,,
 SHGOLD, Au(T+D), Profit,128559.06200, TradeCount = 849,ex_dLots=1,ex_nIsNewOrder=1000000,ex_bIsNewSession=true,ex_dOpen_abs=0.200,ex_dClose_abs=0.200,ex_dOpen_ma=0.150,ex_dClose_ma=0.200,ex_nCCPeriod=100.000,ex_nMAPeriod=50.000,ex_dRenkoStep=0.100,ex_dP_ABS=500,ex_dP_MIN=100,ex_sProductType=AB05C,ex_bPublishRates=true,, TRADE_VIEW_MT5, XAUUSD, Profit,-5404.31280, TradeCount = 849,, TRADE_VIEW_MT5, USDCNH, Profit,-60586.18715, TradeCount = 849,,
 SHGOLD, Au(T+D), Profit,79492.02000, TradeCount = 631,ex_dLots=1,ex_nIsNewOrder=1000000,ex_bIsNewSession=true,ex_dOpen_abs=0.200,ex_dClose_abs=0.200,ex_dOpen_ma=0.150,ex_dClose_ma=0.200,ex_nCCPeriod=100.000,ex_nMAPeriod=50.000,ex_dRenkoStep=0.150,ex_dP_ABS=500,ex_dP_MIN=100,ex_sProductType=AB05C,ex_bPublishRates=true,, TRADE_VIEW_MT5, XAUUSD, Profit,1636.03168, TradeCount = 631,, TRADE_VIEW_MT5, USDCNH, Profit,-39834.37505, TradeCount = 631,,
 SHGOLD, Au(T+D), Profit,73645.30440, TradeCount = 499,ex_dLots=1,ex_nIsNewOrder=1000000,ex_bIsNewSession=true,ex_dOpen_abs=0.200,ex_dClose_abs=0.200,ex_dOpen_ma=0.150,ex_dClose_ma=0.200,ex_nCCPeriod=100.000,ex_nMAPeriod=50.000,ex_dRenkoStep=0.200,ex_dP_ABS=500,ex_dP_MIN=100,ex_sProductType=AB05C,ex_bPublishRates=true,, TRADE_VIEW_MT5, XAUUSD, Profit,-661.74648, TradeCount = 499,, TRADE_VIEW_MT5, USDCNH, Profit,-10139.98700, TradeCount = 499,,
 SHGOLD, Au(T+D), Profit,95043.88240, TradeCount = 940,ex_dLots=1,ex_nIsNewOrder=1000000,ex_bIsNewSession=true,ex_dOpen_abs=0.200,ex_dClose_abs=0.200,ex_dOpen_ma=0.150,ex_dClose_ma=0.200,ex_nCCPeriod=100.000,ex_nMAPeriod=100.000,ex_dRenkoStep=0.100,ex_dP_ABS=500,ex_dP_MIN=100,ex_sProductType=AB05C,ex_bPublishRates=true,, TRADE_VIEW_MT5, XAUUSD, Profit,-2282.63408, TradeCount = 940,, TRADE_VIEW_MT5, USDCNH, Profit,-50836.28015, TradeCount = 940,,
 SHGOLD, Au(T+D), Profit,92982.94160, TradeCount = 709,ex_dLots=1,ex_nIsNewOrder=1000000,ex_bIsNewSession=true,ex_dOpen_abs=0.200,ex_dClose_abs=0.200,ex_dOpen_ma=0.150,ex_dClose_ma=0.200,ex_nCCPeriod=100.000,ex_nMAPeriod=100.000,ex_dRenkoStep=0.150,ex_dP_ABS=500,ex_dP_MIN=100,ex_sProductType=AB05C,ex_bPublishRates=true,, TRADE_VIEW_MT5, XAUUSD, Profit,1024.41152, TradeCount = 709,, TRADE_VIEW_MT5, USDCNH, Profit,-45703.94975, TradeCount = 709,,
 SHGOLD, Au(T+D), Profit,62318.59320, TradeCount = 570,ex_dLots=1,ex_nIsNewOrder=1000000,ex_bIsNewSession=true,ex_dOpen_abs=0.200,ex_dClose_abs=0.200,ex_dOpen_ma=0.150,ex_dClose_ma=0.200,ex_nCCPeriod=100.000,ex_nMAPeriod=100.000,ex_dRenkoStep=0.200,ex_dP_ABS=500,ex_dP_MIN=100,ex_sProductType=AB05C,ex_bPublishRates=true,, TRADE_VIEW_MT5, XAUUSD, Profit,1705.89072, TradeCount = 570,, TRADE_VIEW_MT5, USDCNH, Profit,-13433.02350, TradeCount = 570,,
 SHGOLD, Au(T+D), Profit,139141.95040, TradeCount = 1126,ex_dLots=1,ex_nIsNewOrder=1000000,ex_bIsNewSession=true,ex_dOpen_abs=0.200,ex_dClose_abs=0.200,ex_dOpen_ma=0.200,ex_dClose_ma=0.150,ex_nCCPeriod=50.000,ex_nMAPeriod=50.000,ex_dRenkoStep=0.100,ex_dP_ABS=500,ex_dP_MIN=100,ex_sProductType=AB05C,ex_bPublishRates=true,, TRADE_VIEW_MT5, XAUUSD, Profit,-14308.11368, TradeCount = 1126,, TRADE_VIEW_MT5, USDCNH, Profit,-72233.52400, TradeCount = 1126,,
 SHGOLD, Au(T+D), Profit,114206.32600, TradeCount = 846,ex_dLots=1,ex_nIsNewOrder=1000000,ex_bIsNewSession=true,ex_dOpen_abs=0.200,ex_dClose_abs=0.200,ex_dOpen_ma=0.200,ex_dClose_ma=0.150,ex_nCCPeriod=50.000,ex_nMAPeriod=50.000,ex_dRenkoStep=0.150,ex_dP_ABS=500,ex_dP_MIN=100,ex_sProductType=AB05C,ex_bPublishRates=true,, TRADE_VIEW_MT5, XAUUSD, Profit,-4946.86104, TradeCount = 846,, TRADE_VIEW_MT5, USDCNH, Profit,-49887.03335, TradeCount = 846,,
 SHGOLD, Au(T+D), Profit,91294.40560, TradeCount = 655,ex_dLots=1,ex_nIsNewOrder=1000000,ex_bIsNewSession=true,ex_dOpen_abs=0.200,ex_dClose_abs=0.200,ex_dOpen_ma=0.200,ex_dClose_ma=0.150,ex_nCCPeriod=50.000,ex_nMAPeriod=50.000,ex_dRenkoStep=0.200,ex_dP_ABS=500,ex_dP_MIN=100,ex_sProductType=AB05C,ex_bPublishRates=true,, TRADE_VIEW_MT5, XAUUSD, Profit,-797.19504, TradeCount = 655,, TRADE_VIEW_MT5, USDCNH, Profit,-42122.02750, TradeCount = 655,,
 SHGOLD, Au(T+D), Profit,95380.63200, TradeCount = 1247,ex_dLots=1,ex_nIsNewOrder=1000000,ex_bIsNewSession=true,ex_dOpen_abs=0.200,ex_dClose_abs=0.200,ex_dOpen_ma=0.200,ex_dClose_ma=0.150,ex_nCCPeriod=50.000,ex_nMAPeriod=100.000,ex_dRenkoStep=0.100,ex_dP_ABS=500,ex_dP_MIN=100,ex_sProductType=AB05C,ex_bPublishRates=true,, TRADE_VIEW_MT5, XAUUSD, Profit,-8155.96472, TradeCount = 1247,, TRADE_VIEW_MT5, USDCNH, Profit,-75112.25115, TradeCount = 1247,,
 SHGOLD, Au(T+D), Profit,105304.60920, TradeCount = 927,ex_dLots=1,ex_nIsNewOrder=1000000,ex_bIsNewSession=true,ex_dOpen_abs=0.200,ex_dClose_abs=0.200,ex_dOpen_ma=0.200,ex_dClose_ma=0.150,ex_nCCPeriod=50.000,ex_nMAPeriod=100.000,ex_dRenkoStep=0.150,ex_dP_ABS=500,ex_dP_MIN=100,ex_sProductType=AB05C,ex_bPublishRates=true,, TRADE_VIEW_MT5, XAUUSD, Profit,-3749.56472, TradeCount = 927,, TRADE_VIEW_MT5, USDCNH, Profit,-46160.97010, TradeCount = 927,,
 SHGOLD, Au(T+D), Profit,94539.77000, TradeCount = 698,ex_dLots=1,ex_nIsNewOrder=1000000,ex_bIsNewSession=true,ex_dOpen_abs=0.200,ex_dClose_abs=0.200,ex_dOpen_ma=0.200,ex_dClose_ma=0.150,ex_nCCPeriod=50.000,ex_nMAPeriod=100.000,ex_dRenkoStep=0.200,ex_dP_ABS=500,ex_dP_MIN=100,ex_sProductType=AB05C,ex_bPublishRates=true,, TRADE_VIEW_MT5, XAUUSD, Profit,-2236.47536, TradeCount = 698,, TRADE_VIEW_MT5, USDCNH, Profit,-36423.92930, TradeCount = 698,,
 SHGOLD, Au(T+D), Profit,133836.65280, TradeCount = 889,ex_dLots=1,ex_nIsNewOrder=1000000,ex_bIsNewSession=true,ex_dOpen_abs=0.200,ex_dClose_abs=0.200,ex_dOpen_ma=0.200,ex_dClose_ma=0.150,ex_nCCPeriod=100.000,ex_nMAPeriod=50.000,ex_dRenkoStep=0.100,ex_dP_ABS=500,ex_dP_MIN=100,ex_sProductType=AB05C,ex_bPublishRates=true,, TRADE_VIEW_MT5, XAUUSD, Profit,-6564.12272, TradeCount = 889,, TRADE_VIEW_MT5, USDCNH, Profit,-60145.61640, TradeCount = 889,,
 SHGOLD, Au(T+D), Profit,92052.79640, TradeCount = 654,ex_dLots=1,ex_nIsNewOrder=1000000,ex_bIsNewSession=true,ex_dOpen_abs=0.200,ex_dClose_abs=0.200,ex_dOpen_ma=0.200,ex_dClose_ma=0.150,ex_nCCPeriod=100.000,ex_nMAPeriod=50.000,ex_dRenkoStep=0.150,ex_dP_ABS=500,ex_dP_MIN=100,ex_sProductType=AB05C,ex_bPublishRates=true,, TRADE_VIEW_MT5, XAUUSD, Profit,409.23608, TradeCount = 654,, TRADE_VIEW_MT5, USDCNH, Profit,-39846.99285, TradeCount = 654,,
 SHGOLD, Au(T+D), Profit,61337.29320, TradeCount = 528,ex_dLots=1,ex_nIsNewOrder=1000000,ex_bIsNewSession=true,ex_dOpen_abs=0.200,ex_dClose_abs=0.200,ex_dOpen_ma=0.200,ex_dClose_ma=0.150,ex_nCCPeriod=100.000,ex_nMAPeriod=50.000,ex_dRenkoStep=0.200,ex_dP_ABS=500,ex_dP_MIN=100,ex_sProductType=AB05C,ex_bPublishRates=true,, TRADE_VIEW_MT5, XAUUSD, Profit,1248.27064, TradeCount = 528,, TRADE_VIEW_MT5, USDCNH, Profit,-11533.80195, TradeCount = 528,,
 SHGOLD, Au(T+D), Profit,107267.32120, TradeCount = 976,ex_dLots=1,ex_nIsNewOrder=1000000,ex_bIsNewSession=true,ex_dOpen_abs=0.200,ex_dClose_abs=0.200,ex_dOpen_ma=0.200,ex_dClose_ma=0.150,ex_nCCPeriod=100.000,ex_nMAPeriod=100.000,ex_dRenkoStep=0.100,ex_dP_ABS=500,ex_dP_MIN=100,ex_sProductType=AB05C,ex_bPublishRates=true,, TRADE_VIEW_MT5, XAUUSD, Profit,-3301.39712, TradeCount = 976,, TRADE_VIEW_MT5, USDCNH, Profit,-60477.66050, TradeCount = 976,,
 SHGOLD, Au(T+D), Profit,92266.81720, TradeCount = 722,ex_dLots=1,ex_nIsNewOrder=1000000,ex_bIsNewSession=true,ex_dOpen_abs=0.200,ex_dClose_abs=0.200,ex_dOpen_ma=0.200,ex_dClose_ma=0.150,ex_nCCPeriod=100.000,ex_nMAPeriod=100.000,ex_dRenkoStep=0.150,ex_dP_ABS=500,ex_dP_MIN=100,ex_sProductType=AB05C,ex_bPublishRates=true,, TRADE_VIEW_MT5, XAUUSD, Profit,1015.02008, TradeCount = 722,, TRADE_VIEW_MT5, USDCNH, Profit,-45657.34600, TradeCount = 722,,
 SHGOLD, Au(T+D), Profit,80595.59320, TradeCount = 585,ex_dLots=1,ex_nIsNewOrder=1000000,ex_bIsNewSession=true,ex_dOpen_abs=0.200,ex_dClose_abs=0.200,ex_dOpen_ma=0.200,ex_dClose_ma=0.150,ex_nCCPeriod=100.000,ex_nMAPeriod=100.000,ex_dRenkoStep=0.200,ex_dP_ABS=500,ex_dP_MIN=100,ex_sProductType=AB05C,ex_bPublishRates=true,, TRADE_VIEW_MT5, XAUUSD, Profit,-1290.18672, TradeCount = 585,, TRADE_VIEW_MT5, USDCNH, Profit,-11405.78165, TradeCount = 585,,
 SHGOLD, Au(T+D), Profit,128698.92280, TradeCount = 1017,ex_dLots=1,ex_nIsNewOrder=1000000,ex_bIsNewSession=true,ex_dOpen_abs=0.200,ex_dClose_abs=0.200,ex_dOpen_ma=0.200,ex_dClose_ma=0.200,ex_nCCPeriod=50.000,ex_nMAPeriod=50.000,ex_dRenkoStep=0.100,ex_dP_ABS=500,ex_dP_MIN=100,ex_sProductType=AB05C,ex_bPublishRates=true,, TRADE_VIEW_MT5, XAUUSD, Profit,-10631.74592, TradeCount = 1017,, TRADE_VIEW_MT5, USDCNH, Profit,-76380.81155, TradeCount = 1017,,
 SHGOLD, Au(T+D), Profit,113449.02160, TradeCount = 779,ex_dLots=1,ex_nIsNewOrder=1000000,ex_bIsNewSession=true,ex_dOpen_abs=0.200,ex_dClose_abs=0.200,ex_dOpen_ma=0.200,ex_dClose_ma=0.200,ex_nCCPeriod=50.000,ex_nMAPeriod=50.000,ex_dRenkoStep=0.150,ex_dP_ABS=500,ex_dP_MIN=100,ex_sProductType=AB05C,ex_bPublishRates=true,, TRADE_VIEW_MT5, XAUUSD, Profit,-3626.96480, TradeCount = 779,, TRADE_VIEW_MT5, USDCNH, Profit,-47450.20980, TradeCount = 779,,
 SHGOLD, Au(T+D), Profit,77035.79000, TradeCount = 614,ex_dLots=1,ex_nIsNewOrder=1000000,ex_bIsNewSession=true,ex_dOpen_abs=0.200,ex_dClose_abs=0.200,ex_dOpen_ma=0.200,ex_dClose_ma=0.200,ex_nCCPeriod=50.000,ex_nMAPeriod=50.000,ex_dRenkoStep=0.200,ex_dP_ABS=500,ex_dP_MIN=100,ex_sProductType=AB05C,ex_bPublishRates=true,, TRADE_VIEW_MT5, XAUUSD, Profit,2202.40200, TradeCount = 614,, TRADE_VIEW_MT5, USDCNH, Profit,-41944.32490, TradeCount = 614,,
 SHGOLD, Au(T+D), Profit,109237.64800, TradeCount = 1164,ex_dLots=1,ex_nIsNewOrder=1000000,ex_bIsNewSession=true,ex_dOpen_abs=0.200,ex_dClose_abs=0.200,ex_dOpen_ma=0.200,ex_dClose_ma=0.200,ex_nCCPeriod=50.000,ex_nMAPeriod=100.000,ex_dRenkoStep=0.100,ex_dP_ABS=500,ex_dP_MIN=100,ex_sProductType=AB05C,ex_bPublishRates=true,, TRADE_VIEW_MT5, XAUUSD, Profit,-11193.49864, TradeCount = 1164,, TRADE_VIEW_MT5, USDCNH, Profit,-59216.71770, TradeCount = 1164,,
 SHGOLD, Au(T+D), Profit,112883.19280, TradeCount = 869,ex_dLots=1,ex_nIsNewOrder=1000000,ex_bIsNewSession=true,ex_dOpen_abs=0.200,ex_dClose_abs=0.200,ex_dOpen_ma=0.200,ex_dClose_ma=0.200,ex_nCCPeriod=50.000,ex_nMAPeriod=100.000,ex_dRenkoStep=0.150,ex_dP_ABS=500,ex_dP_MIN=100,ex_sProductType=AB05C,ex_bPublishRates=true,, TRADE_VIEW_MT5, XAUUSD, Profit,-4968.96824, TradeCount = 869,, TRADE_VIEW_MT5, USDCNH, Profit,-42326.22035, TradeCount = 869,,
 SHGOLD, Au(T+D), Profit,84535.86160, TradeCount = 666,ex_dLots=1,ex_nIsNewOrder=1000000,ex_bIsNewSession=true,ex_dOpen_abs=0.200,ex_dClose_abs=0.200,ex_dOpen_ma=0.200,ex_dClose_ma=0.200,ex_nCCPeriod=50.000,ex_nMAPeriod=100.000,ex_dRenkoStep=0.200,ex_dP_ABS=500,ex_dP_MIN=100,ex_sProductType=AB05C,ex_bPublishRates=true,, TRADE_VIEW_MT5, XAUUSD, Profit,-666.77696, TradeCount = 666,, TRADE_VIEW_MT5, USDCNH, Profit,-32564.31885, TradeCount = 666,,
 SHGOLD, Au(T+D), Profit,124062.62960, TradeCount = 817,ex_dLots=1,ex_nIsNewOrder=1000000,ex_bIsNewSession=true,ex_dOpen_abs=0.200,ex_dClose_abs=0.200,ex_dOpen_ma=0.200,ex_dClose_ma=0.200,ex_nCCPeriod=100.000,ex_nMAPeriod=50.000,ex_dRenkoStep=0.100,ex_dP_ABS=500,ex_dP_MIN=100,ex_sProductType=AB05C,ex_bPublishRates=true,, TRADE_VIEW_MT5, XAUUSD, Profit,-3966.63536, TradeCount = 817,, TRADE_VIEW_MT5, USDCNH, Profit,-59067.29360, TradeCount = 817,,
 SHGOLD, Au(T+D), Profit,81124.26080, TradeCount = 607,ex_dLots=1,ex_nIsNewOrder=1000000,ex_bIsNewSession=true,ex_dOpen_abs=0.200,ex_dClose_abs=0.200,ex_dOpen_ma=0.200,ex_dClose_ma=0.200,ex_nCCPeriod=100.000,ex_nMAPeriod=50.000,ex_dRenkoStep=0.150,ex_dP_ABS=500,ex_dP_MIN=100,ex_sProductType=AB05C,ex_bPublishRates=true,, TRADE_VIEW_MT5, XAUUSD, Profit,1886.12296, TradeCount = 607,, TRADE_VIEW_MT5, USDCNH, Profit,-37706.93830, TradeCount = 607,,
 SHGOLD, Au(T+D), Profit,55197.76040, TradeCount = 481,ex_dLots=1,ex_nIsNewOrder=1000000,ex_bIsNewSession=true,ex_dOpen_abs=0.200,ex_dClose_abs=0.200,ex_dOpen_ma=0.200,ex_dClose_ma=0.200,ex_nCCPeriod=100.000,ex_nMAPeriod=50.000,ex_dRenkoStep=0.200,ex_dP_ABS=500,ex_dP_MIN=100,ex_sProductType=AB05C,ex_bPublishRates=true,, TRADE_VIEW_MT5, XAUUSD, Profit,2442.28688, TradeCount = 481,, TRADE_VIEW_MT5, USDCNH, Profit,-9611.17560, TradeCount = 481,,
 SHGOLD, Au(T+D), Profit,98309.02560, TradeCount = 925,ex_dLots=1,ex_nIsNewOrder=1000000,ex_bIsNewSession=true,ex_dOpen_abs=0.200,ex_dClose_abs=0.200,ex_dOpen_ma=0.200,ex_dClose_ma=0.200,ex_nCCPeriod=100.000,ex_nMAPeriod=100.000,ex_dRenkoStep=0.100,ex_dP_ABS=500,ex_dP_MIN=100,ex_sProductType=AB05C,ex_bPublishRates=true,, TRADE_VIEW_MT5, XAUUSD, Profit,-2065.20520, TradeCount = 925,, TRADE_VIEW_MT5, USDCNH, Profit,-48439.92280, TradeCount = 925,,
 SHGOLD, Au(T+D), Profit,91357.36480, TradeCount = 685,ex_dLots=1,ex_nIsNewOrder=1000000,ex_bIsNewSession=true,ex_dOpen_abs=0.200,ex_dClose_abs=0.200,ex_dOpen_ma=0.200,ex_dClose_ma=0.200,ex_nCCPeriod=100.000,ex_nMAPeriod=100.000,ex_dRenkoStep=0.150,ex_dP_ABS=500,ex_dP_MIN=100,ex_sProductType=AB05C,ex_bPublishRates=true,, TRADE_VIEW_MT5, XAUUSD, Profit,1146.51392, TradeCount = 685,, TRADE_VIEW_MT5, USDCNH, Profit,-43019.57835, TradeCount = 685,,
 SHGOLD, Au(T+D), Profit,77036.61720, TradeCount = 560,ex_dLots=1,ex_nIsNewOrder=1000000,ex_bIsNewSession=true,ex_dOpen_abs=0.200,ex_dClose_abs=0.200,ex_dOpen_ma=0.200,ex_dClose_ma=0.200,ex_nCCPeriod=100.000,ex_nMAPeriod=100.000,ex_dRenkoStep=0.200,ex_dP_ABS=500,ex_dP_MIN=100,ex_sProductType=AB05C,ex_bPublishRates=true,, TRADE_VIEW_MT5, XAUUSD, Profit,-78.14968, TradeCount = 560,, TRADE_VIEW_MT5, USDCNH, Profit,-14395.22505, TradeCount = 560,,
