 SHGOLD, Au(T+D), Profit,140023.67240, TradeCount = 1832,ex_dLots=1,ex_nIsNewOrder=1000000,ex_bIsNewSession=true,ex_dOpen_abs=0.150,ex_dClose_abs=0.150,ex_dOpen_ma=0.150,ex_dClose_ma=0.150,ex_nCCPeriod=50.000,ex_nMAPeriod=50.000,ex_dRenkoStep=0.100,ex_dP_ABS=500,ex_dP_MIN=100,ex_sProductType=ABC,ex_bPublishRates=true,, TRADE_VIEW_MT5, XAUUSD, Profit,-13527.94648, TradeCount = 1832,, TRADE_VIEW_MT5, USDCNH, Profit,-173233.17330, TradeCount = 1832,,
 SHGOLD, Au(T+D), Profit,140478.78920, TradeCount = 1408,ex_dLots=1,ex_nIsNewOrder=1000000,ex_bIsNewSession=true,ex_dOpen_abs=0.150,ex_dClose_abs=0.150,ex_dOpen_ma=0.150,ex_dClose_ma=0.150,ex_nCCPeriod=50.000,ex_nMAPeriod=50.000,ex_dRenkoStep=0.150,ex_dP_ABS=500,ex_dP_MIN=100,ex_sProductType=ABC,ex_bPublishRates=true,, TRADE_VIEW_MT5, XAUUSD, Profit,-4823.44392, TradeCount = 1408,, TRADE_VIEW_MT5, USDCNH, Profit,-139361.25500, TradeCount = 1408,,
 SHGOLD, Au(T+D), Profit,150487.35760, TradeCount = 1212,ex_dLots=1,ex_nIsNewOrder=1000000,ex_bIsNewSession=true,ex_dOpen_abs=0.150,ex_dClose_abs=0.150,ex_dOpen_ma=0.150,ex_dClose_ma=0.150,ex_nCCPeriod=50.000,ex_nMAPeriod=50.000,ex_dRenkoStep=0.200,ex_dP_ABS=500,ex_dP_MIN=100,ex_sProductType=ABC,ex_bPublishRates=true,, TRADE_VIEW_MT5, XAUUSD, Profit,-2489.07976, TradeCount = 1212,, TRADE_VIEW_MT5, USDCNH, Profit,-129291.21560, TradeCount = 1212,,
 SHGOLD, Au(T+D), Profit,95620.41040, TradeCount = 1952,ex_dLots=1,ex_nIsNewOrder=1000000,ex_bIsNewSession=true,ex_dOpen_abs=0.150,ex_dClose_abs=0.150,ex_dOpen_ma=0.150,ex_dClose_ma=0.150,ex_nCCPeriod=50.000,ex_nMAPeriod=100.000,ex_dRenkoStep=0.100,ex_dP_ABS=500,ex_dP_MIN=100,ex_sProductType=ABC,ex_bPublishRates=true,, TRADE_VIEW_MT5, XAUUSD, Profit,-6167.62296, TradeCount = 1952,, TRADE_VIEW_MT5, USDCNH, Profit,-192214.51900, TradeCount = 1952,,
 SHGOLD, Au(T+D), Profit,156280.08560, TradeCount = 1479,ex_dLots=1,ex_nIsNewOrder=1000000,ex_bIsNewSession=true,ex_dOpen_abs=0.150,ex_dClose_abs=0.150,ex_dOpen_ma=0.150,ex_dClose_ma=0.150,ex_nCCPeriod=50.000,ex_nMAPeriod=100.000,ex_dRenkoStep=0.150,ex_dP_ABS=500,ex_dP_MIN=100,ex_sProductType=ABC,ex_bPublishRates=true,, TRADE_VIEW_MT5, XAUUSD, Profit,-7237.80104, TradeCount = 1479,, TRADE_VIEW_MT5, USDCNH, Profit,-154213.02430, TradeCount = 1479,,
 SHGOLD, Au(T+D), Profit,161930.70080, TradeCount = 1294,ex_dLots=1,ex_nIsNewOrder=1000000,ex_bIsNewSession=true,ex_dOpen_abs=0.150,ex_dClose_abs=0.150,ex_dOpen_ma=0.150,ex_dClose_ma=0.150,ex_nCCPeriod=50.000,ex_nMAPeriod=100.000,ex_dRenkoStep=0.200,ex_dP_ABS=500,ex_dP_MIN=100,ex_sProductType=ABC,ex_bPublishRates=true,, TRADE_VIEW_MT5, XAUUSD, Profit,-4834.06600, TradeCount = 1294,, TRADE_VIEW_MT5, USDCNH, Profit,-130529.64255, TradeCount = 1294,,
 SHGOLD, Au(T+D), Profit,175699.62520, TradeCount = 1450,ex_dLots=1,ex_nIsNewOrder=1000000,ex_bIsNewSession=true,ex_dOpen_abs=0.150,ex_dClose_abs=0.150,ex_dOpen_ma=0.150,ex_dClose_ma=0.150,ex_nCCPeriod=100.000,ex_nMAPeriod=50.000,ex_dRenkoStep=0.100,ex_dP_ABS=500,ex_dP_MIN=100,ex_sProductType=ABC,ex_bPublishRates=true,, TRADE_VIEW_MT5, XAUUSD, Profit,-9497.17224, TradeCount = 1450,, TRADE_VIEW_MT5, USDCNH, Profit,-161394.11880, TradeCount = 1450,,
 SHGOLD, Au(T+D), Profit,136895.68800, TradeCount = 1194,ex_dLots=1,ex_nIsNewOrder=1000000,ex_bIsNewSession=true,ex_dOpen_abs=0.150,ex_dClose_abs=0.150,ex_dOpen_ma=0.150,ex_dClose_ma=0.150,ex_nCCPeriod=100.000,ex_nMAPeriod=50.000,ex_dRenkoStep=0.150,ex_dP_ABS=500,ex_dP_MIN=100,ex_sProductType=ABC,ex_bPublishRates=true,, TRADE_VIEW_MT5, XAUUSD, Profit,-257.96816, TradeCount = 1194,, TRADE_VIEW_MT5, USDCNH, Profit,-135012.44605, TradeCount = 1194,,
 SHGOLD, Au(T+D), Profit,132335.22600, TradeCount = 1010,ex_dLots=1,ex_nIsNewOrder=1000000,ex_bIsNewSession=true,ex_dOpen_abs=0.150,ex_dClose_abs=0.150,ex_dOpen_ma=0.150,ex_dClose_ma=0.150,ex_nCCPeriod=100.000,ex_nMAPeriod=50.000,ex_dRenkoStep=0.200,ex_dP_ABS=500,ex_dP_MIN=100,ex_sProductType=ABC,ex_bPublishRates=true,, TRADE_VIEW_MT5, XAUUSD, Profit,966.21968, TradeCount = 1010,, TRADE_VIEW_MT5, USDCNH, Profit,-114074.09245, TradeCount = 1010,,
 SHGOLD, Au(T+D), Profit,203084.86960, TradeCount = 1557,ex_dLots=1,ex_nIsNewOrder=1000000,ex_bIsNewSession=true,ex_dOpen_abs=0.150,ex_dClose_abs=0.150,ex_dOpen_ma=0.150,ex_dClose_ma=0.150,ex_nCCPeriod=100.000,ex_nMAPeriod=100.000,ex_dRenkoStep=0.100,ex_dP_ABS=500,ex_dP_MIN=100,ex_sProductType=ABC,ex_bPublishRates=true,, TRADE_VIEW_MT5, XAUUSD, Profit,-12851.92944, TradeCount = 1557,, TRADE_VIEW_MT5, USDCNH, Profit,-169960.65395, TradeCount = 1557,,
 SHGOLD, Au(T+D), Profit,144477.58000, TradeCount = 1247,ex_dLots=1,ex_nIsNewOrder=1000000,ex_bIsNewSession=true,ex_dOpen_abs=0.150,ex_dClose_abs=0.150,ex_dOpen_ma=0.150,ex_dClose_ma=0.150,ex_nCCPeriod=100.000,ex_nMAPeriod=100.000,ex_dRenkoStep=0.150,ex_dP_ABS=500,ex_dP_MIN=100,ex_sProductType=ABC,ex_bPublishRates=true,, TRADE_VIEW_MT5, XAUUSD, Profit,-1024.69872, TradeCount = 1247,, TRADE_VIEW_MT5, USDCNH, Profit,-135749.26255, TradeCount = 1247,,
 SHGOLD, Au(T+D), Profit,125118.70280, TradeCount = 1047,ex_dLots=1,ex_nIsNewOrder=1000000,ex_bIsNewSession=true,ex_dOpen_abs=0.150,ex_dClose_abs=0.150,ex_dOpen_ma=0.150,ex_dClose_ma=0.150,ex_nCCPeriod=100.000,ex_nMAPeriod=100.000,ex_dRenkoStep=0.200,ex_dP_ABS=500,ex_dP_MIN=100,ex_sProductType=ABC,ex_bPublishRates=true,, TRADE_VIEW_MT5, XAUUSD, Profit,4104.27144, TradeCount = 1047,, TRADE_VIEW_MT5, USDCNH, Profit,-126258.36430, TradeCount = 1047,,
 SHGOLD, Au(T+D), Profit,179884.13720, TradeCount = 1439,ex_dLots=1,ex_nIsNewOrder=1000000,ex_bIsNewSession=true,ex_dOpen_abs=0.150,ex_dClose_abs=0.150,ex_dOpen_ma=0.150,ex_dClose_ma=0.200,ex_nCCPeriod=50.000,ex_nMAPeriod=50.000,ex_dRenkoStep=0.100,ex_dP_ABS=500,ex_dP_MIN=100,ex_sProductType=ABC,ex_bPublishRates=true,, TRADE_VIEW_MT5, XAUUSD, Profit,-18275.36808, TradeCount = 1439,, TRADE_VIEW_MT5, USDCNH, Profit,-126369.51180, TradeCount = 1439,,
 SHGOLD, Au(T+D), Profit,180193.74000, TradeCount = 1114,ex_dLots=1,ex_nIsNewOrder=1000000,ex_bIsNewSession=true,ex_dOpen_abs=0.150,ex_dClose_abs=0.150,ex_dOpen_ma=0.150,ex_dClose_ma=0.200,ex_nCCPeriod=50.000,ex_nMAPeriod=50.000,ex_dRenkoStep=0.150,ex_dP_ABS=500,ex_dP_MIN=100,ex_sProductType=ABC,ex_bPublishRates=true,, TRADE_VIEW_MT5, XAUUSD, Profit,-9232.96056, TradeCount = 1114,, TRADE_VIEW_MT5, USDCNH, Profit,-116964.02865, TradeCount = 1114,,
 SHGOLD, Au(T+D), Profit,163347.82920, TradeCount = 973,ex_dLots=1,ex_nIsNewOrder=1000000,ex_bIsNewSession=true,ex_dOpen_abs=0.150,ex_dClose_abs=0.150,ex_dOpen_ma=0.150,ex_dClose_ma=0.200,ex_nCCPeriod=50.000,ex_nMAPeriod=50.000,ex_dRenkoStep=0.200,ex_dP_ABS=500,ex_dP_MIN=100,ex_sProductType=ABC,ex_bPublishRates=true,, TRADE_VIEW_MT5, XAUUSD, Profit,-3738.99144, TradeCount = 973,, TRADE_VIEW_MT5, USDCNH, Profit,-100423.20720, TradeCount = 973,,
 SHGOLD, Au(T+D), Profit,131121.78600, TradeCount = 1652,ex_dLots=1,ex_nIsNewOrder=1000000,ex_bIsNewSession=true,ex_dOpen_abs=0.150,ex_dClose_abs=0.150,ex_dOpen_ma=0.150,ex_dClose_ma=0.200,ex_nCCPeriod=50.000,ex_nMAPeriod=100.000,ex_dRenkoStep=0.100,ex_dP_ABS=500,ex_dP_MIN=100,ex_sProductType=ABC,ex_bPublishRates=true,, TRADE_VIEW_MT5, XAUUSD, Profit,-11158.27376, TradeCount = 1652,, TRADE_VIEW_MT5, USDCNH, Profit,-141355.55165, TradeCount = 1652,,
 SHGOLD, Au(T+D), Profit,151608.08480, TradeCount = 1256,ex_dLots=1,ex_nIsNewOrder=1000000,ex_bIsNewSession=true,ex_dOpen_abs=0.150,ex_dClose_abs=0.150,ex_dOpen_ma=0.150,ex_dClose_ma=0.200,ex_nCCPeriod=50.000,ex_nMAPeriod=100.000,ex_dRenkoStep=0.150,ex_dP_ABS=500,ex_dP_MIN=100,ex_sProductType=ABC,ex_bPublishRates=true,, TRADE_VIEW_MT5, XAUUSD, Profit,-6330.68408, TradeCount = 1256,, TRADE_VIEW_MT5, USDCNH, Profit,-126485.04540, TradeCount = 1256,,
 SHGOLD, Au(T+D), Profit,122670.73120, TradeCount = 1110,ex_dLots=1,ex_nIsNewOrder=1000000,ex_bIsNewSession=true,ex_dOpen_abs=0.150,ex_dClose_abs=0.150,ex_dOpen_ma=0.150,ex_dClose_ma=0.200,ex_nCCPeriod=50.000,ex_nMAPeriod=100.000,ex_dRenkoStep=0.200,ex_dP_ABS=500,ex_dP_MIN=100,ex_sProductType=ABC,ex_bPublishRates=true,, TRADE_VIEW_MT5, XAUUSD, Profit,2748.23840, TradeCount = 1110,, TRADE_VIEW_MT5, USDCNH, Profit,-112748.12290, TradeCount = 1110,,
 SHGOLD, Au(T+D), Profit,190595.94120, TradeCount = 1145,ex_dLots=1,ex_nIsNewOrder=1000000,ex_bIsNewSession=true,ex_dOpen_abs=0.150,ex_dClose_abs=0.150,ex_dOpen_ma=0.150,ex_dClose_ma=0.200,ex_nCCPeriod=100.000,ex_nMAPeriod=50.000,ex_dRenkoStep=0.100,ex_dP_ABS=500,ex_dP_MIN=100,ex_sProductType=ABC,ex_bPublishRates=true,, TRADE_VIEW_MT5, XAUUSD, Profit,-9257.09400, TradeCount = 1145,, TRADE_VIEW_MT5, USDCNH, Profit,-126758.23480, TradeCount = 1145,,
 SHGOLD, Au(T+D), Profit,126993.76040, TradeCount = 980,ex_dLots=1,ex_nIsNewOrder=1000000,ex_bIsNewSession=true,ex_dOpen_abs=0.150,ex_dClose_abs=0.150,ex_dOpen_ma=0.150,ex_dClose_ma=0.200,ex_nCCPeriod=100.000,ex_nMAPeriod=50.000,ex_dRenkoStep=0.150,ex_dP_ABS=500,ex_dP_MIN=100,ex_sProductType=ABC,ex_bPublishRates=true,, TRADE_VIEW_MT5, XAUUSD, Profit,1767.12856, TradeCount = 980,, TRADE_VIEW_MT5, USDCNH, Profit,-97560.13040, TradeCount = 980,,
 SHGOLD, Au(T+D), Profit,139637.45400, TradeCount = 832,ex_dLots=1,ex_nIsNewOrder=1000000,ex_bIsNewSession=true,ex_dOpen_abs=0.150,ex_dClose_abs=0.150,ex_dOpen_ma=0.150,ex_dClose_ma=0.200,ex_nCCPeriod=100.000,ex_nMAPeriod=50.000,ex_dRenkoStep=0.200,ex_dP_ABS=500,ex_dP_MIN=100,ex_sProductType=ABC,ex_bPublishRates=true,, TRADE_VIEW_MT5, XAUUSD, Profit,707.79112, TradeCount = 832,, TRADE_VIEW_MT5, USDCNH, Profit,-94080.72145, TradeCount = 832,,
 SHGOLD, Au(T+D), Profit,188229.49000, TradeCount = 1315,ex_dLots=1,ex_nIsNewOrder=1000000,ex_bIsNewSession=true,ex_dOpen_abs=0.150,ex_dClose_abs=0.150,ex_dOpen_ma=0.150,ex_dClose_ma=0.200,ex_nCCPeriod=100.000,ex_nMAPeriod=100.000,ex_dRenkoStep=0.100,ex_dP_ABS=500,ex_dP_MIN=100,ex_sProductType=ABC,ex_bPublishRates=true,, TRADE_VIEW_MT5, XAUUSD, Profit,-9339.24016, TradeCount = 1315,, TRADE_VIEW_MT5, USDCNH, Profit,-148906.67590, TradeCount = 1315,,
 SHGOLD, Au(T+D), Profit,142348.51480, TradeCount = 1073,ex_dLots=1,ex_nIsNewOrder=1000000,ex_bIsNewSession=true,ex_dOpen_abs=0.150,ex_dClose_abs=0.150,ex_dOpen_ma=0.150,ex_dClose_ma=0.200,ex_nCCPeriod=100.000,ex_nMAPeriod=100.000,ex_dRenkoStep=0.150,ex_dP_ABS=500,ex_dP_MIN=100,ex_sProductType=ABC,ex_bPublishRates=true,, TRADE_VIEW_MT5, XAUUSD, Profit,-351.64576, TradeCount = 1073,, TRADE_VIEW_MT5, USDCNH, Profit,-119072.30985, TradeCount = 1073,,
 SHGOLD, Au(T+D), Profit,124152.69400, TradeCount = 922,ex_dLots=1,ex_nIsNewOrder=1000000,ex_bIsNewSession=true,ex_dOpen_abs=0.150,ex_dClose_abs=0.150,ex_dOpen_ma=0.150,ex_dClose_ma=0.200,ex_nCCPeriod=100.000,ex_nMAPeriod=100.000,ex_dRenkoStep=0.200,ex_dP_ABS=500,ex_dP_MIN=100,ex_sProductType=ABC,ex_bPublishRates=true,, TRADE_VIEW_MT5, XAUUSD, Profit,5486.08808, TradeCount = 922,, TRADE_VIEW_MT5, USDCNH, Profit,-113983.76915, TradeCount = 922,,
 SHGOLD, Au(T+D), Profit,144327.18080, TradeCount = 1589,ex_dLots=1,ex_nIsNewOrder=1000000,ex_bIsNewSession=true,ex_dOpen_abs=0.150,ex_dClose_abs=0.150,ex_dOpen_ma=0.200,ex_dClose_ma=0.150,ex_nCCPeriod=50.000,ex_nMAPeriod=50.000,ex_dRenkoStep=0.100,ex_dP_ABS=500,ex_dP_MIN=100,ex_sProductType=ABC,ex_bPublishRates=true,, TRADE_VIEW_MT5, XAUUSD, Profit,-12020.21136, TradeCount = 1589,, TRADE_VIEW_MT5, USDCNH, Profit,-143879.92240, TradeCount = 1589,,
 SHGOLD, Au(T+D), Profit,146955.36000, TradeCount = 1234,ex_dLots=1,ex_nIsNewOrder=1000000,ex_bIsNewSession=true,ex_dOpen_abs=0.150,ex_dClose_abs=0.150,ex_dOpen_ma=0.200,ex_dClose_ma=0.150,ex_nCCPeriod=50.000,ex_nMAPeriod=50.000,ex_dRenkoStep=0.150,ex_dP_ABS=500,ex_dP_MIN=100,ex_sProductType=ABC,ex_bPublishRates=true,, TRADE_VIEW_MT5, XAUUSD, Profit,-6039.01904, TradeCount = 1234,, TRADE_VIEW_MT5, USDCNH, Profit,-109324.16925, TradeCount = 1234,,
 SHGOLD, Au(T+D), Profit,165795.52480, TradeCount = 1061,ex_dLots=1,ex_nIsNewOrder=1000000,ex_bIsNewSession=true,ex_dOpen_abs=0.150,ex_dClose_abs=0.150,ex_dOpen_ma=0.200,ex_dClose_ma=0.150,ex_nCCPeriod=50.000,ex_nMAPeriod=50.000,ex_dRenkoStep=0.200,ex_dP_ABS=500,ex_dP_MIN=100,ex_sProductType=ABC,ex_bPublishRates=true,, TRADE_VIEW_MT5, XAUUSD, Profit,-3060.81840, TradeCount = 1061,, TRADE_VIEW_MT5, USDCNH, Profit,-112412.75990, TradeCount = 1061,,
 SHGOLD, Au(T+D), Profit,102595.01720, TradeCount = 1781,ex_dLots=1,ex_nIsNewOrder=1000000,ex_bIsNewSession=true,ex_dOpen_abs=0.150,ex_dClose_abs=0.150,ex_dOpen_ma=0.200,ex_dClose_ma=0.150,ex_nCCPeriod=50.000,ex_nMAPeriod=100.000,ex_dRenkoStep=0.100,ex_dP_ABS=500,ex_dP_MIN=100,ex_sProductType=ABC,ex_bPublishRates=true,, TRADE_VIEW_MT5, XAUUSD, Profit,-5317.60680, TradeCount = 1781,, TRADE_VIEW_MT5, USDCNH, Profit,-164134.70795, TradeCount = 1781,,
 SHGOLD, Au(T+D), Profit,174068.99360, TradeCount = 1341,ex_dLots=1,ex_nIsNewOrder=1000000,ex_bIsNewSession=true,ex_dOpen_abs=0.150,ex_dClose_abs=0.150,ex_dOpen_ma=0.200,ex_dClose_ma=0.150,ex_nCCPeriod=50.000,ex_nMAPeriod=100.000,ex_dRenkoStep=0.150,ex_dP_ABS=500,ex_dP_MIN=100,ex_sProductType=ABC,ex_bPublishRates=true,, TRADE_VIEW_MT5, XAUUSD, Profit,-8172.73464, TradeCount = 1341,, TRADE_VIEW_MT5, USDCNH, Profit,-138180.48330, TradeCount = 1341,,
 SHGOLD, Au(T+D), Profit,143807.18520, TradeCount = 1188,ex_dLots=1,ex_nIsNewOrder=1000000,ex_bIsNewSession=true,ex_dOpen_abs=0.150,ex_dClose_abs=0.150,ex_dOpen_ma=0.200,ex_dClose_ma=0.150,ex_nCCPeriod=50.000,ex_nMAPeriod=100.000,ex_dRenkoStep=0.200,ex_dP_ABS=500,ex_dP_MIN=100,ex_sProductType=ABC,ex_bPublishRates=true,, TRADE_VIEW_MT5, XAUUSD, Profit,397.73344, TradeCount = 1188,, TRADE_VIEW_MT5, USDCNH, Profit,-121980.13085, TradeCount = 1188,,
 SHGOLD, Au(T+D), Profit,185997.70480, TradeCount = 1258,ex_dLots=1,ex_nIsNewOrder=1000000,ex_bIsNewSession=true,ex_dOpen_abs=0.150,ex_dClose_abs=0.150,ex_dOpen_ma=0.200,ex_dClose_ma=0.150,ex_nCCPeriod=100.000,ex_nMAPeriod=50.000,ex_dRenkoStep=0.100,ex_dP_ABS=500,ex_dP_MIN=100,ex_sProductType=ABC,ex_bPublishRates=true,, TRADE_VIEW_MT5, XAUUSD, Profit,-9704.49888, TradeCount = 1258,, TRADE_VIEW_MT5, USDCNH, Profit,-132044.15115, TradeCount = 1258,,
 SHGOLD, Au(T+D), Profit,140215.10400, TradeCount = 1050,ex_dLots=1,ex_nIsNewOrder=1000000,ex_bIsNewSession=true,ex_dOpen_abs=0.150,ex_dClose_abs=0.150,ex_dOpen_ma=0.200,ex_dClose_ma=0.150,ex_nCCPeriod=100.000,ex_nMAPeriod=50.000,ex_dRenkoStep=0.150,ex_dP_ABS=500,ex_dP_MIN=100,ex_sProductType=ABC,ex_bPublishRates=true,, TRADE_VIEW_MT5, XAUUSD, Profit,749.65392, TradeCount = 1050,, TRADE_VIEW_MT5, USDCNH, Profit,-113544.24490, TradeCount = 1050,,
 SHGOLD, Au(T+D), Profit,130999.47520, TradeCount = 887,ex_dLots=1,ex_nIsNewOrder=1000000,ex_bIsNewSession=true,ex_dOpen_abs=0.150,ex_dClose_abs=0.150,ex_dOpen_ma=0.200,ex_dClose_ma=0.150,ex_nCCPeriod=100.000,ex_nMAPeriod=50.000,ex_dRenkoStep=0.200,ex_dP_ABS=500,ex_dP_MIN=100,ex_sProductType=ABC,ex_bPublishRates=true,, TRADE_VIEW_MT5, XAUUSD, Profit,1800.54488, TradeCount = 887,, TRADE_VIEW_MT5, USDCNH, Profit,-93173.10925, TradeCount = 887,,
 SHGOLD, Au(T+D), Profit,206388.42480, TradeCount = 1395,ex_dLots=1,ex_nIsNewOrder=1000000,ex_bIsNewSession=true,ex_dOpen_abs=0.150,ex_dClose_abs=0.150,ex_dOpen_ma=0.200,ex_dClose_ma=0.150,ex_nCCPeriod=100.000,ex_nMAPeriod=100.000,ex_dRenkoStep=0.100,ex_dP_ABS=500,ex_dP_MIN=100,ex_sProductType=ABC,ex_bPublishRates=true,, TRADE_VIEW_MT5, XAUUSD, Profit,-13000.64288, TradeCount = 1395,, TRADE_VIEW_MT5, USDCNH, Profit,-145981.28405, TradeCount = 1395,,
 SHGOLD, Au(T+D), Profit,142144.90840, TradeCount = 1154,ex_dLots=1,ex_nIsNewOrder=1000000,ex_bIsNewSession=true,ex_dOpen_abs=0.150,ex_dClose_abs=0.150,ex_dOpen_ma=0.200,ex_dClose_ma=0.150,ex_nCCPeriod=100.000,ex_nMAPeriod=100.000,ex_dRenkoStep=0.150,ex_dP_ABS=500,ex_dP_MIN=100,ex_sProductType=ABC,ex_bPublishRates=true,, TRADE_VIEW_MT5, XAUUSD, Profit,1264.37208, TradeCount = 1154,, TRADE_VIEW_MT5, USDCNH, Profit,-129598.22305, TradeCount = 1154,,
 SHGOLD, Au(T+D), Profit,127423.36240, TradeCount = 971,ex_dLots=1,ex_nIsNewOrder=1000000,ex_bIsNewSession=true,ex_dOpen_abs=0.150,ex_dClose_abs=0.150,ex_dOpen_ma=0.200,ex_dClose_ma=0.150,ex_nCCPeriod=100.000,ex_nMAPeriod=100.000,ex_dRenkoStep=0.200,ex_dP_ABS=500,ex_dP_MIN=100,ex_sProductType=ABC,ex_bPublishRates=true,, TRADE_VIEW_MT5, XAUUSD, Profit,4412.23448, TradeCount = 971,, TRADE_VIEW_MT5, USDCNH, Profit,-111405.37945, TradeCount = 971,,
 SHGOLD, Au(T+D), Profit,168504.25720, TradeCount = 1352,ex_dLots=1,ex_nIsNewOrder=1000000,ex_bIsNewSession=true,ex_dOpen_abs=0.150,ex_dClose_abs=0.150,ex_dOpen_ma=0.200,ex_dClose_ma=0.200,ex_nCCPeriod=50.000,ex_nMAPeriod=50.000,ex_dRenkoStep=0.100,ex_dP_ABS=500,ex_dP_MIN=100,ex_sProductType=ABC,ex_bPublishRates=true,, TRADE_VIEW_MT5, XAUUSD, Profit,-14448.82088, TradeCount = 1352,, TRADE_VIEW_MT5, USDCNH, Profit,-116443.49610, TradeCount = 1352,,
 SHGOLD, Au(T+D), Profit,168344.78040, TradeCount = 1062,ex_dLots=1,ex_nIsNewOrder=1000000,ex_bIsNewSession=true,ex_dOpen_abs=0.150,ex_dClose_abs=0.150,ex_dOpen_ma=0.200,ex_dClose_ma=0.200,ex_nCCPeriod=50.000,ex_nMAPeriod=50.000,ex_dRenkoStep=0.150,ex_dP_ABS=500,ex_dP_MIN=100,ex_sProductType=ABC,ex_bPublishRates=true,, TRADE_VIEW_MT5, XAUUSD, Profit,-6975.78272, TradeCount = 1062,, TRADE_VIEW_MT5, USDCNH, Profit,-106153.40190, TradeCount = 1062,,
 SHGOLD, Au(T+D), Profit,153265.23240, TradeCount = 919,ex_dLots=1,ex_nIsNewOrder=1000000,ex_bIsNewSession=true,ex_dOpen_abs=0.150,ex_dClose_abs=0.150,ex_dOpen_ma=0.200,ex_dClose_ma=0.200,ex_nCCPeriod=50.000,ex_nMAPeriod=50.000,ex_dRenkoStep=0.200,ex_dP_ABS=500,ex_dP_MIN=100,ex_sProductType=ABC,ex_bPublishRates=true,, TRADE_VIEW_MT5, XAUUSD, Profit,-1592.38528, TradeCount = 919,, TRADE_VIEW_MT5, USDCNH, Profit,-93553.18195, TradeCount = 919,,
 SHGOLD, Au(T+D), Profit,141844.97000, TradeCount = 1583,ex_dLots=1,ex_nIsNewOrder=1000000,ex_bIsNewSession=true,ex_dOpen_abs=0.150,ex_dClose_abs=0.150,ex_dOpen_ma=0.200,ex_dClose_ma=0.200,ex_nCCPeriod=50.000,ex_nMAPeriod=100.000,ex_dRenkoStep=0.100,ex_dP_ABS=500,ex_dP_MIN=100,ex_sProductType=ABC,ex_bPublishRates=true,, TRADE_VIEW_MT5, XAUUSD, Profit,-10635.31000, TradeCount = 1583,, TRADE_VIEW_MT5, USDCNH, Profit,-140515.28230, TradeCount = 1583,,
 SHGOLD, Au(T+D), Profit,181510.16520, TradeCount = 1202,ex_dLots=1,ex_nIsNewOrder=1000000,ex_bIsNewSession=true,ex_dOpen_abs=0.150,ex_dClose_abs=0.150,ex_dOpen_ma=0.200,ex_dClose_ma=0.200,ex_nCCPeriod=50.000,ex_nMAPeriod=100.000,ex_dRenkoStep=0.150,ex_dP_ABS=500,ex_dP_MIN=100,ex_sProductType=ABC,ex_bPublishRates=true,, TRADE_VIEW_MT5, XAUUSD, Profit,-10032.37384, TradeCount = 1202,, TRADE_VIEW_MT5, USDCNH, Profit,-115439.78760, TradeCount = 1202,,
 SHGOLD, Au(T+D), Profit,138492.70040, TradeCount = 1068,ex_dLots=1,ex_nIsNewOrder=1000000,ex_bIsNewSession=true,ex_dOpen_abs=0.150,ex_dClose_abs=0.150,ex_dOpen_ma=0.200,ex_dClose_ma=0.200,ex_nCCPeriod=50.000,ex_nMAPeriod=100.000,ex_dRenkoStep=0.200,ex_dP_ABS=500,ex_dP_MIN=100,ex_sProductType=ABC,ex_bPublishRates=true,, TRADE_VIEW_MT5, XAUUSD, Profit,1351.32704, TradeCount = 1068,, TRADE_VIEW_MT5, USDCNH, Profit,-105411.70825, TradeCount = 1068,,
 SHGOLD, Au(T+D), Profit,202132.31280, TradeCount = 1076,ex_dLots=1,ex_nIsNewOrder=1000000,ex_bIsNewSession=true,ex_dOpen_abs=0.150,ex_dClose_abs=0.150,ex_dOpen_ma=0.200,ex_dClose_ma=0.200,ex_nCCPeriod=100.000,ex_nMAPeriod=50.000,ex_dRenkoStep=0.100,ex_dP_ABS=500,ex_dP_MIN=100,ex_sProductType=ABC,ex_bPublishRates=true,, TRADE_VIEW_MT5, XAUUSD, Profit,-10302.10752, TradeCount = 1076,, TRADE_VIEW_MT5, USDCNH, Profit,-117385.03215, TradeCount = 1076,,
 SHGOLD, Au(T+D), Profit,129562.57960, TradeCount = 909,ex_dLots=1,ex_nIsNewOrder=1000000,ex_bIsNewSession=true,ex_dOpen_abs=0.150,ex_dClose_abs=0.150,ex_dOpen_ma=0.200,ex_dClose_ma=0.200,ex_nCCPeriod=100.000,ex_nMAPeriod=50.000,ex_dRenkoStep=0.150,ex_dP_ABS=500,ex_dP_MIN=100,ex_sProductType=ABC,ex_bPublishRates=true,, TRADE_VIEW_MT5, XAUUSD, Profit,2726.93712, TradeCount = 909,, TRADE_VIEW_MT5, USDCNH, Profit,-95481.86075, TradeCount = 909,,
 SHGOLD, Au(T+D), Profit,137862.67880, TradeCount = 783,ex_dLots=1,ex_nIsNewOrder=1000000,ex_bIsNewSession=true,ex_dOpen_abs=0.150,ex_dClose_abs=0.150,ex_dOpen_ma=0.200,ex_dClose_ma=0.200,ex_nCCPeriod=100.000,ex_nMAPeriod=50.000,ex_dRenkoStep=0.200,ex_dP_ABS=500,ex_dP_MIN=100,ex_sProductType=ABC,ex_bPublishRates=true,, TRADE_VIEW_MT5, XAUUSD, Profit,1854.71384, TradeCount = 783,, TRADE_VIEW_MT5, USDCNH, Profit,-85248.43625, TradeCount = 783,,
 SHGOLD, Au(T+D), Profit,208995.55720, TradeCount = 1242,ex_dLots=1,ex_nIsNewOrder=1000000,ex_bIsNewSession=true,ex_dOpen_abs=0.150,ex_dClose_abs=0.150,ex_dOpen_ma=0.200,ex_dClose_ma=0.200,ex_nCCPeriod=100.000,ex_nMAPeriod=100.000,ex_dRenkoStep=0.100,ex_dP_ABS=500,ex_dP_MIN=100,ex_sProductType=ABC,ex_bPublishRates=true,, TRADE_VIEW_MT5, XAUUSD, Profit,-12858.47384, TradeCount = 1242,, TRADE_VIEW_MT5, USDCNH, Profit,-132856.06150, TradeCount = 1242,,
 SHGOLD, Au(T+D), Profit,148216.68680, TradeCount = 1044,ex_dLots=1,ex_nIsNewOrder=1000000,ex_bIsNewSession=true,ex_dOpen_abs=0.150,ex_dClose_abs=0.150,ex_dOpen_ma=0.200,ex_dClose_ma=0.200,ex_nCCPeriod=100.000,ex_nMAPeriod=100.000,ex_dRenkoStep=0.150,ex_dP_ABS=500,ex_dP_MIN=100,ex_sProductType=ABC,ex_bPublishRates=true,, TRADE_VIEW_MT5, XAUUSD, Profit,-466.58080, TradeCount = 1044,, TRADE_VIEW_MT5, USDCNH, Profit,-107182.18040, TradeCount = 1044,,
 SHGOLD, Au(T+D), Profit,122390.19120, TradeCount = 890,ex_dLots=1,ex_nIsNewOrder=1000000,ex_bIsNewSession=true,ex_dOpen_abs=0.150,ex_dClose_abs=0.150,ex_dOpen_ma=0.200,ex_dClose_ma=0.200,ex_nCCPeriod=100.000,ex_nMAPeriod=100.000,ex_dRenkoStep=0.200,ex_dP_ABS=500,ex_dP_MIN=100,ex_sProductType=ABC,ex_bPublishRates=true,, TRADE_VIEW_MT5, XAUUSD, Profit,5479.46192, TradeCount = 890,, TRADE_VIEW_MT5, USDCNH, Profit,-100593.01965, TradeCount = 890,,
 SHGOLD, Au(T+D), Profit,176686.00160, TradeCount = 1434,ex_dLots=1,ex_nIsNewOrder=1000000,ex_bIsNewSession=true,ex_dOpen_abs=0.150,ex_dClose_abs=0.200,ex_dOpen_ma=0.150,ex_dClose_ma=0.150,ex_nCCPeriod=50.000,ex_nMAPeriod=50.000,ex_dRenkoStep=0.100,ex_dP_ABS=500,ex_dP_MIN=100,ex_sProductType=ABC,ex_bPublishRates=true,, TRADE_VIEW_MT5, XAUUSD, Profit,-13462.34536, TradeCount = 1434,, TRADE_VIEW_MT5, USDCNH, Profit,-144147.44000, TradeCount = 1434,,
 SHGOLD, Au(T+D), Profit,149567.34760, TradeCount = 1076,ex_dLots=1,ex_nIsNewOrder=1000000,ex_bIsNewSession=true,ex_dOpen_abs=0.150,ex_dClose_abs=0.200,ex_dOpen_ma=0.150,ex_dClose_ma=0.150,ex_nCCPeriod=50.000,ex_nMAPeriod=50.000,ex_dRenkoStep=0.150,ex_dP_ABS=500,ex_dP_MIN=100,ex_sProductType=ABC,ex_bPublishRates=true,, TRADE_VIEW_MT5, XAUUSD, Profit,-2536.39800, TradeCount = 1076,, TRADE_VIEW_MT5, USDCNH, Profit,-128235.75250, TradeCount = 1076,,
 SHGOLD, Au(T+D), Profit,184277.43640, TradeCount = 922,ex_dLots=1,ex_nIsNewOrder=1000000,ex_bIsNewSession=true,ex_dOpen_abs=0.150,ex_dClose_abs=0.200,ex_dOpen_ma=0.150,ex_dClose_ma=0.150,ex_nCCPeriod=50.000,ex_nMAPeriod=50.000,ex_dRenkoStep=0.200,ex_dP_ABS=500,ex_dP_MIN=100,ex_sProductType=ABC,ex_bPublishRates=true,, TRADE_VIEW_MT5, XAUUSD, Profit,-5299.97744, TradeCount = 922,, TRADE_VIEW_MT5, USDCNH, Profit,-109151.53010, TradeCount = 922,,
 SHGOLD, Au(T+D), Profit,176800.70640, TradeCount = 1511,ex_dLots=1,ex_nIsNewOrder=1000000,ex_bIsNewSession=true,ex_dOpen_abs=0.150,ex_dClose_abs=0.200,ex_dOpen_ma=0.150,ex_dClose_ma=0.150,ex_nCCPeriod=50.000,ex_nMAPeriod=100.000,ex_dRenkoStep=0.100,ex_dP_ABS=500,ex_dP_MIN=100,ex_sProductType=ABC,ex_bPublishRates=true,, TRADE_VIEW_MT5, XAUUSD, Profit,-13857.43664, TradeCount = 1511,, TRADE_VIEW_MT5, USDCNH, Profit,-147807.54270, TradeCount = 1511,,
 SHGOLD, Au(T+D), Profit,177941.16400, TradeCount = 1125,ex_dLots=1,ex_nIsNewOrder=1000000,ex_bIsNewSession=true,ex_dOpen_abs=0.150,ex_dClose_abs=0.200,ex_dOpen_ma=0.150,ex_dClose_ma=0.150,ex_nCCPeriod=50.000,ex_nMAPeriod=100.000,ex_dRenkoStep=0.150,ex_dP_ABS=500,ex_dP_MIN=100,ex_sProductType=ABC,ex_bPublishRates=true,, TRADE_VIEW_MT5, XAUUSD, Profit,-5788.53624, TradeCount = 1125,, TRADE_VIEW_MT5, USDCNH, Profit,-140702.18490, TradeCount = 1125,,
 SHGOLD, Au(T+D), Profit,167548.94080, TradeCount = 977,ex_dLots=1,ex_nIsNewOrder=1000000,ex_bIsNewSession=true,ex_dOpen_abs=0.150,ex_dClose_abs=0.200,ex_dOpen_ma=0.150,ex_dClose_ma=0.150,ex_nCCPeriod=50.000,ex_nMAPeriod=100.000,ex_dRenkoStep=0.200,ex_dP_ABS=500,ex_dP_MIN=100,ex_sProductType=ABC,ex_bPublishRates=true,, TRADE_VIEW_MT5, XAUUSD, Profit,-1773.87528, TradeCount = 977,, TRADE_VIEW_MT5, USDCNH, Profit,-115994.07495, TradeCount = 977,,
 SHGOLD, Au(T+D), Profit,181898.27520, TradeCount = 1093,ex_dLots=1,ex_nIsNewOrder=1000000,ex_bIsNewSession=true,ex_dOpen_abs=0.150,ex_dClose_abs=0.200,ex_dOpen_ma=0.150,ex_dClose_ma=0.150,ex_nCCPeriod=100.000,ex_nMAPeriod=50.000,ex_dRenkoStep=0.100,ex_dP_ABS=500,ex_dP_MIN=100,ex_sProductType=ABC,ex_bPublishRates=true,, TRADE_VIEW_MT5, XAUUSD, Profit,-7389.59400, TradeCount = 1093,, TRADE_VIEW_MT5, USDCNH, Profit,-123566.51790, TradeCount = 1093,,
 SHGOLD, Au(T+D), Profit,140259.46280, TradeCount = 913,ex_dLots=1,ex_nIsNewOrder=1000000,ex_bIsNewSession=true,ex_dOpen_abs=0.150,ex_dClose_abs=0.200,ex_dOpen_ma=0.150,ex_dClose_ma=0.150,ex_nCCPeriod=100.000,ex_nMAPeriod=50.000,ex_dRenkoStep=0.150,ex_dP_ABS=500,ex_dP_MIN=100,ex_sProductType=ABC,ex_bPublishRates=true,, TRADE_VIEW_MT5, XAUUSD, Profit,2196.11000, TradeCount = 913,, TRADE_VIEW_MT5, USDCNH, Profit,-109162.28835, TradeCount = 913,,
 SHGOLD, Au(T+D), Profit,137446.42440, TradeCount = 768,ex_dLots=1,ex_nIsNewOrder=1000000,ex_bIsNewSession=true,ex_dOpen_abs=0.150,ex_dClose_abs=0.200,ex_dOpen_ma=0.150,ex_dClose_ma=0.150,ex_nCCPeriod=100.000,ex_nMAPeriod=50.000,ex_dRenkoStep=0.200,ex_dP_ABS=500,ex_dP_MIN=100,ex_sProductType=ABC,ex_bPublishRates=true,, TRADE_VIEW_MT5, XAUUSD, Profit,3222.84248, TradeCount = 768,, TRADE_VIEW_MT5, USDCNH, Profit,-101522.71875, TradeCount = 768,,
 SHGOLD, Au(T+D), Profit,198259.89720, TradeCount = 1180,ex_dLots=1,ex_nIsNewOrder=1000000,ex_bIsNewSession=true,ex_dOpen_abs=0.150,ex_dClose_abs=0.200,ex_dOpen_ma=0.150,ex_dClose_ma=0.150,ex_nCCPeriod=100.000,ex_nMAPeriod=100.000,ex_dRenkoStep=0.100,ex_dP_ABS=500,ex_dP_MIN=100,ex_sProductType=ABC,ex_bPublishRates=true,, TRADE_VIEW_MT5, XAUUSD, Profit,-8427.43160, TradeCount = 1180,, TRADE_VIEW_MT5, USDCNH, Profit,-136290.81020, TradeCount = 1180,,
 SHGOLD, Au(T+D), Profit,118537.18360, TradeCount = 974,ex_dLots=1,ex_nIsNewOrder=1000000,ex_bIsNewSession=true,ex_dOpen_abs=0.150,ex_dClose_abs=0.200,ex_dOpen_ma=0.150,ex_dClose_ma=0.150,ex_nCCPeriod=100.000,ex_nMAPeriod=100.000,ex_dRenkoStep=0.150,ex_dP_ABS=500,ex_dP_MIN=100,ex_sProductType=ABC,ex_bPublishRates=true,, TRADE_VIEW_MT5, XAUUSD, Profit,6021.63280, TradeCount = 974,, TRADE_VIEW_MT5, USDCNH, Profit,-110505.72640, TradeCount = 974,,
 SHGOLD, Au(T+D), Profit,141386.57240, TradeCount = 813,ex_dLots=1,ex_nIsNewOrder=1000000,ex_bIsNewSession=true,ex_dOpen_abs=0.150,ex_dClose_abs=0.200,ex_dOpen_ma=0.150,ex_dClose_ma=0.150,ex_nCCPeriod=100.000,ex_nMAPeriod=100.000,ex_dRenkoStep=0.200,ex_dP_ABS=500,ex_dP_MIN=100,ex_sProductType=ABC,ex_bPublishRates=true,, TRADE_VIEW_MT5, XAUUSD, Profit,2894.42464, TradeCount = 813,, TRADE_VIEW_MT5, USDCNH, Profit,-98307.90870, TradeCount = 813,,
 SHGOLD, Au(T+D), Profit,161937.76120, TradeCount = 1234,ex_dLots=1,ex_nIsNewOrder=1000000,ex_bIsNewSession=true,ex_dOpen_abs=0.150,ex_dClose_abs=0.200,ex_dOpen_ma=0.150,ex_dClose_ma=0.200,ex_nCCPeriod=50.000,ex_nMAPeriod=50.000,ex_dRenkoStep=0.100,ex_dP_ABS=500,ex_dP_MIN=100,ex_sProductType=ABC,ex_bPublishRates=true,, TRADE_VIEW_MT5, XAUUSD, Profit,-11115.01640, TradeCount = 1234,, TRADE_VIEW_MT5, USDCNH, Profit,-110749.77595, TradeCount = 1234,,
 SHGOLD, Au(T+D), Profit,166699.49200, TradeCount = 924,ex_dLots=1,ex_nIsNewOrder=1000000,ex_bIsNewSession=true,ex_dOpen_abs=0.150,ex_dClose_abs=0.200,ex_dOpen_ma=0.150,ex_dClose_ma=0.200,ex_nCCPeriod=50.000,ex_nMAPeriod=50.000,ex_dRenkoStep=0.150,ex_dP_ABS=500,ex_dP_MIN=100,ex_sProductType=ABC,ex_bPublishRates=true,, TRADE_VIEW_MT5, XAUUSD, Profit,-5395.17912, TradeCount = 924,, TRADE_VIEW_MT5, USDCNH, Profit,-102214.78875, TradeCount = 924,,
 SHGOLD, Au(T+D), Profit,148282.91600, TradeCount = 810,ex_dLots=1,ex_nIsNewOrder=1000000,ex_bIsNewSession=true,ex_dOpen_abs=0.150,ex_dClose_abs=0.200,ex_dOpen_ma=0.150,ex_dClose_ma=0.200,ex_nCCPeriod=50.000,ex_nMAPeriod=50.000,ex_dRenkoStep=0.200,ex_dP_ABS=500,ex_dP_MIN=100,ex_sProductType=ABC,ex_bPublishRates=true,, TRADE_VIEW_MT5, XAUUSD, Profit,-623.46464, TradeCount = 810,, TRADE_VIEW_MT5, USDCNH, Profit,-76198.73550, TradeCount = 810,,
 SHGOLD, Au(T+D), Profit,177808.14560, TradeCount = 1367,ex_dLots=1,ex_nIsNewOrder=1000000,ex_bIsNewSession=true,ex_dOpen_abs=0.150,ex_dClose_abs=0.200,ex_dOpen_ma=0.150,ex_dClose_ma=0.200,ex_nCCPeriod=50.000,ex_nMAPeriod=100.000,ex_dRenkoStep=0.100,ex_dP_ABS=500,ex_dP_MIN=100,ex_sProductType=ABC,ex_bPublishRates=true,, TRADE_VIEW_MT5, XAUUSD, Profit,-14598.57592, TradeCount = 1367,, TRADE_VIEW_MT5, USDCNH, Profit,-122118.85305, TradeCount = 1367,,
 SHGOLD, Au(T+D), Profit,162637.43600, TradeCount = 1028,ex_dLots=1,ex_nIsNewOrder=1000000,ex_bIsNewSession=true,ex_dOpen_abs=0.150,ex_dClose_abs=0.200,ex_dOpen_ma=0.150,ex_dClose_ma=0.200,ex_nCCPeriod=50.000,ex_nMAPeriod=100.000,ex_dRenkoStep=0.150,ex_dP_ABS=500,ex_dP_MIN=100,ex_sProductType=ABC,ex_bPublishRates=true,, TRADE_VIEW_MT5, XAUUSD, Profit,-3756.46736, TradeCount = 1028,, TRADE_VIEW_MT5, USDCNH, Profit,-129392.65250, TradeCount = 1028,,
 SHGOLD, Au(T+D), Profit,139080.57960, TradeCount = 903,ex_dLots=1,ex_nIsNewOrder=1000000,ex_bIsNewSession=true,ex_dOpen_abs=0.150,ex_dClose_abs=0.200,ex_dOpen_ma=0.150,ex_dClose_ma=0.200,ex_nCCPeriod=50.000,ex_nMAPeriod=100.000,ex_dRenkoStep=0.200,ex_dP_ABS=500,ex_dP_MIN=100,ex_sProductType=ABC,ex_bPublishRates=true,, TRADE_VIEW_MT5, XAUUSD, Profit,3502.32888, TradeCount = 903,, TRADE_VIEW_MT5, USDCNH, Profit,-107298.60410, TradeCount = 903,,
 SHGOLD, Au(T+D), Profit,199414.36840, TradeCount = 938,ex_dLots=1,ex_nIsNewOrder=1000000,ex_bIsNewSession=true,ex_dOpen_abs=0.150,ex_dClose_abs=0.200,ex_dOpen_ma=0.150,ex_dClose_ma=0.200,ex_nCCPeriod=100.000,ex_nMAPeriod=50.000,ex_dRenkoStep=0.100,ex_dP_ABS=500,ex_dP_MIN=100,ex_sProductType=ABC,ex_bPublishRates=true,, TRADE_VIEW_MT5, XAUUSD, Profit,-9977.93032, TradeCount = 938,, TRADE_VIEW_MT5, USDCNH, Profit,-96347.80040, TradeCount = 938,,
 SHGOLD, Au(T+D), Profit,116323.49960, TradeCount = 803,ex_dLots=1,ex_nIsNewOrder=1000000,ex_bIsNewSession=true,ex_dOpen_abs=0.150,ex_dClose_abs=0.200,ex_dOpen_ma=0.150,ex_dClose_ma=0.200,ex_nCCPeriod=100.000,ex_nMAPeriod=50.000,ex_dRenkoStep=0.150,ex_dP_ABS=500,ex_dP_MIN=100,ex_sProductType=ABC,ex_bPublishRates=true,, TRADE_VIEW_MT5, XAUUSD, Profit,4514.00480, TradeCount = 803,, TRADE_VIEW_MT5, USDCNH, Profit,-72528.81870, TradeCount = 803,,
 SHGOLD, Au(T+D), Profit,131387.80120, TradeCount = 682,ex_dLots=1,ex_nIsNewOrder=1000000,ex_bIsNewSession=true,ex_dOpen_abs=0.150,ex_dClose_abs=0.200,ex_dOpen_ma=0.150,ex_dClose_ma=0.200,ex_nCCPeriod=100.000,ex_nMAPeriod=50.000,ex_dRenkoStep=0.200,ex_dP_ABS=500,ex_dP_MIN=100,ex_sProductType=ABC,ex_bPublishRates=true,, TRADE_VIEW_MT5, XAUUSD, Profit,3585.04768, TradeCount = 682,, TRADE_VIEW_MT5, USDCNH, Profit,-79081.67855, TradeCount = 682,,
 SHGOLD, Au(T+D), Profit,182524.44080, TradeCount = 1046,ex_dLots=1,ex_nIsNewOrder=1000000,ex_bIsNewSession=true,ex_dOpen_abs=0.150,ex_dClose_abs=0.200,ex_dOpen_ma=0.150,ex_dClose_ma=0.200,ex_nCCPeriod=100.000,ex_nMAPeriod=100.000,ex_dRenkoStep=0.100,ex_dP_ABS=500,ex_dP_MIN=100,ex_sProductType=ABC,ex_bPublishRates=true,, TRADE_VIEW_MT5, XAUUSD, Profit,-7524.92632, TradeCount = 1046,, TRADE_VIEW_MT5, USDCNH, Profit,-113316.18955, TradeCount = 1046,,
 SHGOLD, Au(T+D), Profit,137573.08360, TradeCount = 884,ex_dLots=1,ex_nIsNewOrder=1000000,ex_bIsNewSession=true,ex_dOpen_abs=0.150,ex_dClose_abs=0.200,ex_dOpen_ma=0.150,ex_dClose_ma=0.200,ex_nCCPeriod=100.000,ex_nMAPeriod=100.000,ex_dRenkoStep=0.150,ex_dP_ABS=500,ex_dP_MIN=100,ex_sProductType=ABC,ex_bPublishRates=true,, TRADE_VIEW_MT5, XAUUSD, Profit,3376.51032, TradeCount = 884,, TRADE_VIEW_MT5, USDCNH, Profit,-102552.80825, TradeCount = 884,,
 SHGOLD, Au(T+D), Profit,150547.11320, TradeCount = 753,ex_dLots=1,ex_nIsNewOrder=1000000,ex_bIsNewSession=true,ex_dOpen_abs=0.150,ex_dClose_abs=0.200,ex_dOpen_ma=0.150,ex_dClose_ma=0.200,ex_nCCPeriod=100.000,ex_nMAPeriod=100.000,ex_dRenkoStep=0.200,ex_dP_ABS=500,ex_dP_MIN=100,ex_sProductType=ABC,ex_bPublishRates=true,, TRADE_VIEW_MT5, XAUUSD, Profit,1670.67616, TradeCount = 753,, TRADE_VIEW_MT5, USDCNH, Profit,-89232.98385, TradeCount = 753,,
 SHGOLD, Au(T+D), Profit,173978.15240, TradeCount = 1322,ex_dLots=1,ex_nIsNewOrder=1000000,ex_bIsNewSession=true,ex_dOpen_abs=0.150,ex_dClose_abs=0.200,ex_dOpen_ma=0.200,ex_dClose_ma=0.150,ex_nCCPeriod=50.000,ex_nMAPeriod=50.000,ex_dRenkoStep=0.100,ex_dP_ABS=500,ex_dP_MIN=100,ex_sProductType=ABC,ex_bPublishRates=true,, TRADE_VIEW_MT5, XAUUSD, Profit,-12672.46416, TradeCount = 1322,, TRADE_VIEW_MT5, USDCNH, Profit,-117591.49510, TradeCount = 1322,,
 SHGOLD, Au(T+D), Profit,155499.41560, TradeCount = 995,ex_dLots=1,ex_nIsNewOrder=1000000,ex_bIsNewSession=true,ex_dOpen_abs=0.150,ex_dClose_abs=0.200,ex_dOpen_ma=0.200,ex_dClose_ma=0.150,ex_nCCPeriod=50.000,ex_nMAPeriod=50.000,ex_dRenkoStep=0.150,ex_dP_ABS=500,ex_dP_MIN=100,ex_sProductType=ABC,ex_bPublishRates=true,, TRADE_VIEW_MT5, XAUUSD, Profit,-4512.80080, TradeCount = 995,, TRADE_VIEW_MT5, USDCNH, Profit,-100797.92435, TradeCount = 995,,
 SHGOLD, Au(T+D), Profit,177204.57520, TradeCount = 859,ex_dLots=1,ex_nIsNewOrder=1000000,ex_bIsNewSession=true,ex_dOpen_abs=0.150,ex_dClose_abs=0.200,ex_dOpen_ma=0.200,ex_dClose_ma=0.150,ex_nCCPeriod=50.000,ex_nMAPeriod=50.000,ex_dRenkoStep=0.200,ex_dP_ABS=500,ex_dP_MIN=100,ex_sProductType=ABC,ex_bPublishRates=true,, TRADE_VIEW_MT5, XAUUSD, Profit,-4716.96016, TradeCount = 859,, TRADE_VIEW_MT5, USDCNH, Profit,-82628.55455, TradeCount = 859,,
 SHGOLD, Au(T+D), Profit,177974.21000, TradeCount = 1444,ex_dLots=1,ex_nIsNewOrder=1000000,ex_bIsNewSession=true,ex_dOpen_abs=0.150,ex_dClose_abs=0.200,ex_dOpen_ma=0.200,ex_dClose_ma=0.150,ex_nCCPeriod=50.000,ex_nMAPeriod=100.000,ex_dRenkoStep=0.100,ex_dP_ABS=500,ex_dP_MIN=100,ex_sProductType=ABC,ex_bPublishRates=true,, TRADE_VIEW_MT5, XAUUSD, Profit,-12503.80720, TradeCount = 1444,, TRADE_VIEW_MT5, USDCNH, Profit,-137001.53665, TradeCount = 1444,,
 SHGOLD, Au(T+D), Profit,165234.52880, TradeCount = 1070,ex_dLots=1,ex_nIsNewOrder=1000000,ex_bIsNewSession=true,ex_dOpen_abs=0.150,ex_dClose_abs=0.200,ex_dOpen_ma=0.200,ex_dClose_ma=0.150,ex_nCCPeriod=50.000,ex_nMAPeriod=100.000,ex_dRenkoStep=0.150,ex_dP_ABS=500,ex_dP_MIN=100,ex_sProductType=ABC,ex_bPublishRates=true,, TRADE_VIEW_MT5, XAUUSD, Profit,-3364.63464, TradeCount = 1070,, TRADE_VIEW_MT5, USDCNH, Profit,-130973.86800, TradeCount = 1070,,
 SHGOLD, Au(T+D), Profit,171893.48800, TradeCount = 932,ex_dLots=1,ex_nIsNewOrder=1000000,ex_bIsNewSession=true,ex_dOpen_abs=0.150,ex_dClose_abs=0.200,ex_dOpen_ma=0.200,ex_dClose_ma=0.150,ex_nCCPeriod=50.000,ex_nMAPeriod=100.000,ex_dRenkoStep=0.200,ex_dP_ABS=500,ex_dP_MIN=100,ex_sProductType=ABC,ex_bPublishRates=true,, TRADE_VIEW_MT5, XAUUSD, Profit,-968.59800, TradeCount = 932,, TRADE_VIEW_MT5, USDCNH, Profit,-110383.66885, TradeCount = 932,,
 SHGOLD, Au(T+D), Profit,181053.57520, TradeCount = 1007,ex_dLots=1,ex_nIsNewOrder=1000000,ex_bIsNewSession=true,ex_dOpen_abs=0.150,ex_dClose_abs=0.200,ex_dOpen_ma=0.200,ex_dClose_ma=0.150,ex_nCCPeriod=100.000,ex_nMAPeriod=50.000,ex_dRenkoStep=0.100,ex_dP_ABS=500,ex_dP_MIN=100,ex_sProductType=ABC,ex_bPublishRates=true,, TRADE_VIEW_MT5, XAUUSD, Profit,-7160.30112, TradeCount = 1007,, TRADE_VIEW_MT5, USDCNH, Profit,-103556.85830, TradeCount = 1007,,
 SHGOLD, Au(T+D), Profit,146268.37920, TradeCount = 837,ex_dLots=1,ex_nIsNewOrder=1000000,ex_bIsNewSession=true,ex_dOpen_abs=0.150,ex_dClose_abs=0.200,ex_dOpen_ma=0.200,ex_dClose_ma=0.150,ex_nCCPeriod=100.000,ex_nMAPeriod=50.000,ex_dRenkoStep=0.150,ex_dP_ABS=500,ex_dP_MIN=100,ex_sProductType=ABC,ex_bPublishRates=true,, TRADE_VIEW_MT5, XAUUSD, Profit,1265.32112, TradeCount = 837,, TRADE_VIEW_MT5, USDCNH, Profit,-88801.31870, TradeCount = 837,,
 SHGOLD, Au(T+D), Profit,138969.20160, TradeCount = 718,ex_dLots=1,ex_nIsNewOrder=1000000,ex_bIsNewSession=true,ex_dOpen_abs=0.150,ex_dClose_abs=0.200,ex_dOpen_ma=0.200,ex_dClose_ma=0.150,ex_nCCPeriod=100.000,ex_nMAPeriod=50.000,ex_dRenkoStep=0.200,ex_dP_ABS=500,ex_dP_MIN=100,ex_sProductType=ABC,ex_bPublishRates=true,, TRADE_VIEW_MT5, XAUUSD, Profit,2118.34968, TradeCount = 718,, TRADE_VIEW_MT5, USDCNH, Profit,-79380.24270, TradeCount = 718,,
 SHGOLD, Au(T+D), Profit,201287.34800, TradeCount = 1106,ex_dLots=1,ex_nIsNewOrder=1000000,ex_bIsNewSession=true,ex_dOpen_abs=0.150,ex_dClose_abs=0.200,ex_dOpen_ma=0.200,ex_dClose_ma=0.150,ex_nCCPeriod=100.000,ex_nMAPeriod=100.000,ex_dRenkoStep=0.100,ex_dP_ABS=500,ex_dP_MIN=100,ex_sProductType=ABC,ex_bPublishRates=true,, TRADE_VIEW_MT5, XAUUSD, Profit,-8689.84496, TradeCount = 1106,, TRADE_VIEW_MT5, USDCNH, Profit,-123300.87480, TradeCount = 1106,,
 SHGOLD, Au(T+D), Profit,144540.54720, TradeCount = 925,ex_dLots=1,ex_nIsNewOrder=1000000,ex_bIsNewSession=true,ex_dOpen_abs=0.150,ex_dClose_abs=0.200,ex_dOpen_ma=0.200,ex_dClose_ma=0.150,ex_nCCPeriod=100.000,ex_nMAPeriod=100.000,ex_dRenkoStep=0.150,ex_dP_ABS=500,ex_dP_MIN=100,ex_sProductType=ABC,ex_bPublishRates=true,, TRADE_VIEW_MT5, XAUUSD, Profit,3003.00872, TradeCount = 925,, TRADE_VIEW_MT5, USDCNH, Profit,-104688.27200, TradeCount = 925,,
 SHGOLD, Au(T+D), Profit,136670.07720, TradeCount = 777,ex_dLots=1,ex_nIsNewOrder=1000000,ex_bIsNewSession=true,ex_dOpen_abs=0.150,ex_dClose_abs=0.200,ex_dOpen_ma=0.200,ex_dClose_ma=0.150,ex_nCCPeriod=100.000,ex_nMAPeriod=100.000,ex_dRenkoStep=0.200,ex_dP_ABS=500,ex_dP_MIN=100,ex_sProductType=ABC,ex_bPublishRates=true,, TRADE_VIEW_MT5, XAUUSD, Profit,4083.70152, TradeCount = 777,, TRADE_VIEW_MT5, USDCNH, Profit,-89766.68965, TradeCount = 777,,
 SHGOLD, Au(T+D), Profit,174147.24880, TradeCount = 1173,ex_dLots=1,ex_nIsNewOrder=1000000,ex_bIsNewSession=true,ex_dOpen_abs=0.150,ex_dClose_abs=0.200,ex_dOpen_ma=0.200,ex_dClose_ma=0.200,ex_nCCPeriod=50.000,ex_nMAPeriod=50.000,ex_dRenkoStep=0.100,ex_dP_ABS=500,ex_dP_MIN=100,ex_sProductType=ABC,ex_bPublishRates=true,, TRADE_VIEW_MT5, XAUUSD, Profit,-10953.40664, TradeCount = 1173,, TRADE_VIEW_MT5, USDCNH, Profit,-108113.55390, TradeCount = 1173,,
 SHGOLD, Au(T+D), Profit,150350.26880, TradeCount = 890,ex_dLots=1,ex_nIsNewOrder=1000000,ex_bIsNewSession=true,ex_dOpen_abs=0.150,ex_dClose_abs=0.200,ex_dOpen_ma=0.200,ex_dClose_ma=0.200,ex_nCCPeriod=50.000,ex_nMAPeriod=50.000,ex_dRenkoStep=0.150,ex_dP_ABS=500,ex_dP_MIN=100,ex_sProductType=ABC,ex_bPublishRates=true,, TRADE_VIEW_MT5, XAUUSD, Profit,-1814.09856, TradeCount = 890,, TRADE_VIEW_MT5, USDCNH, Profit,-98601.41515, TradeCount = 890,,
 SHGOLD, Au(T+D), Profit,141038.25560, TradeCount = 773,ex_dLots=1,ex_nIsNewOrder=1000000,ex_bIsNewSession=true,ex_dOpen_abs=0.150,ex_dClose_abs=0.200,ex_dOpen_ma=0.200,ex_dClose_ma=0.200,ex_nCCPeriod=50.000,ex_nMAPeriod=50.000,ex_dRenkoStep=0.200,ex_dP_ABS=500,ex_dP_MIN=100,ex_sProductType=ABC,ex_bPublishRates=true,, TRADE_VIEW_MT5, XAUUSD, Profit,1190.62008, TradeCount = 773,, TRADE_VIEW_MT5, USDCNH, Profit,-74973.86705, TradeCount = 773,,
 SHGOLD, Au(T+D), Profit,181044.50560, TradeCount = 1342,ex_dLots=1,ex_nIsNewOrder=1000000,ex_bIsNewSession=true,ex_dOpen_abs=0.150,ex_dClose_abs=0.200,ex_dOpen_ma=0.200,ex_dClose_ma=0.200,ex_nCCPeriod=50.000,ex_nMAPeriod=100.000,ex_dRenkoStep=0.100,ex_dP_ABS=500,ex_dP_MIN=100,ex_sProductType=ABC,ex_bPublishRates=true,, TRADE_VIEW_MT5, XAUUSD, Profit,-12563.00896, TradeCount = 1342,, TRADE_VIEW_MT5, USDCNH, Profit,-124736.93500, TradeCount = 1342,,
 SHGOLD, Au(T+D), Profit,169931.44440, TradeCount = 991,ex_dLots=1,ex_nIsNewOrder=1000000,ex_bIsNewSession=true,ex_dOpen_abs=0.150,ex_dClose_abs=0.200,ex_dOpen_ma=0.200,ex_dClose_ma=0.200,ex_nCCPeriod=50.000,ex_nMAPeriod=100.000,ex_dRenkoStep=0.150,ex_dP_ABS=500,ex_dP_MIN=100,ex_sProductType=ABC,ex_bPublishRates=true,, TRADE_VIEW_MT5, XAUUSD, Profit,-4515.23152, TradeCount = 991,, TRADE_VIEW_MT5, USDCNH, Profit,-120443.42840, TradeCount = 991,,
 SHGOLD, Au(T+D), Profit,156946.77200, TradeCount = 874,ex_dLots=1,ex_nIsNewOrder=1000000,ex_bIsNewSession=true,ex_dOpen_abs=0.150,ex_dClose_abs=0.200,ex_dOpen_ma=0.200,ex_dClose_ma=0.200,ex_nCCPeriod=50.000,ex_nMAPeriod=100.000,ex_dRenkoStep=0.200,ex_dP_ABS=500,ex_dP_MIN=100,ex_sProductType=ABC,ex_bPublishRates=true,, TRADE_VIEW_MT5, XAUUSD, Profit,984.01192, TradeCount = 874,, TRADE_VIEW_MT5, USDCNH, Profit,-99723.47475, TradeCount = 874,,
 SHGOLD, Au(T+D), Profit,201249.13640, TradeCount = 897,ex_dLots=1,ex_nIsNewOrder=1000000,ex_bIsNewSession=true,ex_dOpen_abs=0.150,ex_dClose_abs=0.200,ex_dOpen_ma=0.200,ex_dClose_ma=0.200,ex_nCCPeriod=100.000,ex_nMAPeriod=50.000,ex_dRenkoStep=0.100,ex_dP_ABS=500,ex_dP_MIN=100,ex_sProductType=ABC,ex_bPublishRates=true,, TRADE_VIEW_MT5, XAUUSD, Profit,-8945.82856, TradeCount = 897,, TRADE_VIEW_MT5, USDCNH, Profit,-95302.66890, TradeCount = 897,,
 SHGOLD, Au(T+D), Profit,108642.50360, TradeCount = 757,ex_dLots=1,ex_nIsNewOrder=1000000,ex_bIsNewSession=true,ex_dOpen_abs=0.150,ex_dClose_abs=0.200,ex_dOpen_ma=0.200,ex_dClose_ma=0.200,ex_nCCPeriod=100.000,ex_nMAPeriod=50.000,ex_dRenkoStep=0.150,ex_dP_ABS=500,ex_dP_MIN=100,ex_sProductType=ABC,ex_bPublishRates=true,, TRADE_VIEW_MT5, XAUUSD, Profit,6584.86936, TradeCount = 757,, TRADE_VIEW_MT5, USDCNH, Profit,-72145.27300, TradeCount = 757,,
 SHGOLD, Au(T+D), Profit,136533.63400, TradeCount = 654,ex_dLots=1,ex_nIsNewOrder=1000000,ex_bIsNewSession=true,ex_dOpen_abs=0.150,ex_dClose_abs=0.200,ex_dOpen_ma=0.200,ex_dClose_ma=0.200,ex_nCCPeriod=100.000,ex_nMAPeriod=50.000,ex_dRenkoStep=0.200,ex_dP_ABS=500,ex_dP_MIN=100,ex_sProductType=ABC,ex_bPublishRates=true,, TRADE_VIEW_MT5, XAUUSD, Profit,2683.76680, TradeCount = 654,, TRADE_VIEW_MT5, USDCNH, Profit,-68943.45450, TradeCount = 654,,
 SHGOLD, Au(T+D), Profit,201844.18760, TradeCount = 1007,ex_dLots=1,ex_nIsNewOrder=1000000,ex_bIsNewSession=true,ex_dOpen_abs=0.150,ex_dClose_abs=0.200,ex_dOpen_ma=0.200,ex_dClose_ma=0.200,ex_nCCPeriod=100.000,ex_nMAPeriod=100.000,ex_dRenkoStep=0.100,ex_dP_ABS=500,ex_dP_MIN=100,ex_sProductType=ABC,ex_bPublishRates=true,, TRADE_VIEW_MT5, XAUUSD, Profit,-10814.94512, TradeCount = 1007,, TRADE_VIEW_MT5, USDCNH, Profit,-101731.46790, TradeCount = 1007,,
 SHGOLD, Au(T+D), Profit,156491.21520, TradeCount = 859,ex_dLots=1,ex_nIsNewOrder=1000000,ex_bIsNewSession=true,ex_dOpen_abs=0.150,ex_dClose_abs=0.200,ex_dOpen_ma=0.200,ex_dClose_ma=0.200,ex_nCCPeriod=100.000,ex_nMAPeriod=100.000,ex_dRenkoStep=0.150,ex_dP_ABS=500,ex_dP_MIN=100,ex_sProductType=ABC,ex_bPublishRates=true,, TRADE_VIEW_MT5, XAUUSD, Profit,1492.89176, TradeCount = 859,, TRADE_VIEW_MT5, USDCNH, Profit,-97686.34635, TradeCount = 859,,
 SHGOLD, Au(T+D), Profit,139371.68160, TradeCount = 737,ex_dLots=1,ex_nIsNewOrder=1000000,ex_bIsNewSession=true,ex_dOpen_abs=0.150,ex_dClose_abs=0.200,ex_dOpen_ma=0.200,ex_dClose_ma=0.200,ex_nCCPeriod=100.000,ex_nMAPeriod=100.000,ex_dRenkoStep=0.200,ex_dP_ABS=500,ex_dP_MIN=100,ex_sProductType=ABC,ex_bPublishRates=true,, TRADE_VIEW_MT5, XAUUSD, Profit,3942.53816, TradeCount = 737,, TRADE_VIEW_MT5, USDCNH, Profit,-84278.27325, TradeCount = 737,,
 SHGOLD, Au(T+D), Profit,171965.26480, TradeCount = 1665,ex_dLots=1,ex_nIsNewOrder=1000000,ex_bIsNewSession=true,ex_dOpen_abs=0.200,ex_dClose_abs=0.150,ex_dOpen_ma=0.150,ex_dClose_ma=0.150,ex_nCCPeriod=50.000,ex_nMAPeriod=50.000,ex_dRenkoStep=0.100,ex_dP_ABS=500,ex_dP_MIN=100,ex_sProductType=ABC,ex_bPublishRates=true,, TRADE_VIEW_MT5, XAUUSD, Profit,-13729.38304, TradeCount = 1665,, TRADE_VIEW_MT5, USDCNH, Profit,-159146.63930, TradeCount = 1665,,
 SHGOLD, Au(T+D), Profit,164259.53360, TradeCount = 1264,ex_dLots=1,ex_nIsNewOrder=1000000,ex_bIsNewSession=true,ex_dOpen_abs=0.200,ex_dClose_abs=0.150,ex_dOpen_ma=0.150,ex_dClose_ma=0.150,ex_nCCPeriod=50.000,ex_nMAPeriod=50.000,ex_dRenkoStep=0.150,ex_dP_ABS=500,ex_dP_MIN=100,ex_sProductType=ABC,ex_bPublishRates=true,, TRADE_VIEW_MT5, XAUUSD, Profit,-5941.02112, TradeCount = 1264,, TRADE_VIEW_MT5, USDCNH, Profit,-128032.73035, TradeCount = 1264,,
 SHGOLD, Au(T+D), Profit,169363.22800, TradeCount = 1087,ex_dLots=1,ex_nIsNewOrder=1000000,ex_bIsNewSession=true,ex_dOpen_abs=0.200,ex_dClose_abs=0.150,ex_dOpen_ma=0.150,ex_dClose_ma=0.150,ex_nCCPeriod=50.000,ex_nMAPeriod=50.000,ex_dRenkoStep=0.200,ex_dP_ABS=500,ex_dP_MIN=100,ex_sProductType=ABC,ex_bPublishRates=true,, TRADE_VIEW_MT5, XAUUSD, Profit,-2056.23200, TradeCount = 1087,, TRADE_VIEW_MT5, USDCNH, Profit,-129221.44050, TradeCount = 1087,,
 SHGOLD, Au(T+D), Profit,134702.95040, TradeCount = 1753,ex_dLots=1,ex_nIsNewOrder=1000000,ex_bIsNewSession=true,ex_dOpen_abs=0.200,ex_dClose_abs=0.150,ex_dOpen_ma=0.150,ex_dClose_ma=0.150,ex_nCCPeriod=50.000,ex_nMAPeriod=100.000,ex_dRenkoStep=0.100,ex_dP_ABS=500,ex_dP_MIN=100,ex_sProductType=ABC,ex_bPublishRates=true,, TRADE_VIEW_MT5, XAUUSD, Profit,-7040.41576, TradeCount = 1753,, TRADE_VIEW_MT5, USDCNH, Profit,-176538.92535, TradeCount = 1753,,
 SHGOLD, Au(T+D), Profit,179344.92960, TradeCount = 1325,ex_dLots=1,ex_nIsNewOrder=1000000,ex_bIsNewSession=true,ex_dOpen_abs=0.200,ex_dClose_abs=0.150,ex_dOpen_ma=0.150,ex_dClose_ma=0.150,ex_nCCPeriod=50.000,ex_nMAPeriod=100.000,ex_dRenkoStep=0.150,ex_dP_ABS=500,ex_dP_MIN=100,ex_sProductType=ABC,ex_bPublishRates=true,, TRADE_VIEW_MT5, XAUUSD, Profit,-8085.17264, TradeCount = 1325,, TRADE_VIEW_MT5, USDCNH, Profit,-138507.45590, TradeCount = 1325,,
 SHGOLD, Au(T+D), Profit,171531.80000, TradeCount = 1150,ex_dLots=1,ex_nIsNewOrder=1000000,ex_bIsNewSession=true,ex_dOpen_abs=0.200,ex_dClose_abs=0.150,ex_dOpen_ma=0.150,ex_dClose_ma=0.150,ex_nCCPeriod=50.000,ex_nMAPeriod=100.000,ex_dRenkoStep=0.200,ex_dP_ABS=500,ex_dP_MIN=100,ex_sProductType=ABC,ex_bPublishRates=true,, TRADE_VIEW_MT5, XAUUSD, Profit,-3162.17928, TradeCount = 1150,, TRADE_VIEW_MT5, USDCNH, Profit,-125428.41965, TradeCount = 1150,,
 SHGOLD, Au(T+D), Profit,205295.58640, TradeCount = 1289,ex_dLots=1,ex_nIsNewOrder=1000000,ex_bIsNewSession=true,ex_dOpen_abs=0.200,ex_dClose_abs=0.150,ex_dOpen_ma=0.150,ex_dClose_ma=0.150,ex_nCCPeriod=100.000,ex_nMAPeriod=50.000,ex_dRenkoStep=0.100,ex_dP_ABS=500,ex_dP_MIN=100,ex_sProductType=ABC,ex_bPublishRates=true,, TRADE_VIEW_MT5, XAUUSD, Profit,-12288.72368, TradeCount = 1289,, TRADE_VIEW_MT5, USDCNH, Profit,-138065.20730, TradeCount = 1289,,
 SHGOLD, Au(T+D), Profit,144864.92720, TradeCount = 1072,ex_dLots=1,ex_nIsNewOrder=1000000,ex_bIsNewSession=true,ex_dOpen_abs=0.200,ex_dClose_abs=0.150,ex_dOpen_ma=0.150,ex_dClose_ma=0.150,ex_nCCPeriod=100.000,ex_nMAPeriod=50.000,ex_dRenkoStep=0.150,ex_dP_ABS=500,ex_dP_MIN=100,ex_sProductType=ABC,ex_bPublishRates=true,, TRADE_VIEW_MT5, XAUUSD, Profit,472.39104, TradeCount = 1072,, TRADE_VIEW_MT5, USDCNH, Profit,-122010.97500, TradeCount = 1072,,
 SHGOLD, Au(T+D), Profit,134305.01800, TradeCount = 899,ex_dLots=1,ex_nIsNewOrder=1000000,ex_bIsNewSession=true,ex_dOpen_abs=0.200,ex_dClose_abs=0.150,ex_dOpen_ma=0.150,ex_dClose_ma=0.150,ex_nCCPeriod=100.000,ex_nMAPeriod=50.000,ex_dRenkoStep=0.200,ex_dP_ABS=500,ex_dP_MIN=100,ex_sProductType=ABC,ex_bPublishRates=true,, TRADE_VIEW_MT5, XAUUSD, Profit,2771.95456, TradeCount = 899,, TRADE_VIEW_MT5, USDCNH, Profit,-107043.82505, TradeCount = 899,,
 SHGOLD, Au(T+D), Profit,210975.38680, TradeCount = 1388,ex_dLots=1,ex_nIsNewOrder=1000000,ex_bIsNewSession=true,ex_dOpen_abs=0.200,ex_dClose_abs=0.150,ex_dOpen_ma=0.150,ex_dClose_ma=0.150,ex_nCCPeriod=100.000,ex_nMAPeriod=100.000,ex_dRenkoStep=0.100,ex_dP_ABS=500,ex_dP_MIN=100,ex_sProductType=ABC,ex_bPublishRates=true,, TRADE_VIEW_MT5, XAUUSD, Profit,-11878.20800, TradeCount = 1388,, TRADE_VIEW_MT5, USDCNH, Profit,-145444.01785, TradeCount = 1388,,
 SHGOLD, Au(T+D), Profit,137159.22400, TradeCount = 1124,ex_dLots=1,ex_nIsNewOrder=1000000,ex_bIsNewSession=true,ex_dOpen_abs=0.200,ex_dClose_abs=0.150,ex_dOpen_ma=0.150,ex_dClose_ma=0.150,ex_nCCPeriod=100.000,ex_nMAPeriod=100.000,ex_dRenkoStep=0.150,ex_dP_ABS=500,ex_dP_MIN=100,ex_sProductType=ABC,ex_bPublishRates=true,, TRADE_VIEW_MT5, XAUUSD, Profit,2294.72168, TradeCount = 1124,, TRADE_VIEW_MT5, USDCNH, Profit,-125053.99805, TradeCount = 1124,,
 SHGOLD, Au(T+D), Profit,125826.20240, TradeCount = 934,ex_dLots=1,ex_nIsNewOrder=1000000,ex_bIsNewSession=true,ex_dOpen_abs=0.200,ex_dClose_abs=0.150,ex_dOpen_ma=0.150,ex_dClose_ma=0.150,ex_nCCPeriod=100.000,ex_nMAPeriod=100.000,ex_dRenkoStep=0.200,ex_dP_ABS=500,ex_dP_MIN=100,ex_sProductType=ABC,ex_bPublishRates=true,, TRADE_VIEW_MT5, XAUUSD, Profit,5782.28936, TradeCount = 934,, TRADE_VIEW_MT5, USDCNH, Profit,-116862.58600, TradeCount = 934,,
 SHGOLD, Au(T+D), Profit,192203.89680, TradeCount = 1371,ex_dLots=1,ex_nIsNewOrder=1000000,ex_bIsNewSession=true,ex_dOpen_abs=0.200,ex_dClose_abs=0.150,ex_dOpen_ma=0.150,ex_dClose_ma=0.200,ex_nCCPeriod=50.000,ex_nMAPeriod=50.000,ex_dRenkoStep=0.100,ex_dP_ABS=500,ex_dP_MIN=100,ex_sProductType=ABC,ex_bPublishRates=true,, TRADE_VIEW_MT5, XAUUSD, Profit,-17161.37440, TradeCount = 1371,, TRADE_VIEW_MT5, USDCNH, Profit,-119884.17650, TradeCount = 1371,,
 SHGOLD, Au(T+D), Profit,178301.03680, TradeCount = 1047,ex_dLots=1,ex_nIsNewOrder=1000000,ex_bIsNewSession=true,ex_dOpen_abs=0.200,ex_dClose_abs=0.150,ex_dOpen_ma=0.150,ex_dClose_ma=0.200,ex_nCCPeriod=50.000,ex_nMAPeriod=50.000,ex_dRenkoStep=0.150,ex_dP_ABS=500,ex_dP_MIN=100,ex_sProductType=ABC,ex_bPublishRates=true,, TRADE_VIEW_MT5, XAUUSD, Profit,-8697.55344, TradeCount = 1047,, TRADE_VIEW_MT5, USDCNH, Profit,-101868.23970, TradeCount = 1047,,
 SHGOLD, Au(T+D), Profit,163639.24720, TradeCount = 917,ex_dLots=1,ex_nIsNewOrder=1000000,ex_bIsNewSession=true,ex_dOpen_abs=0.200,ex_dClose_abs=0.150,ex_dOpen_ma=0.150,ex_dClose_ma=0.200,ex_nCCPeriod=50.000,ex_nMAPeriod=50.000,ex_dRenkoStep=0.200,ex_dP_ABS=500,ex_dP_MIN=100,ex_sProductType=ABC,ex_bPublishRates=true,, TRADE_VIEW_MT5, XAUUSD, Profit,-2008.76728, TradeCount = 917,, TRADE_VIEW_MT5, USDCNH, Profit,-99189.94950, TradeCount = 917,,
 SHGOLD, Au(T+D), Profit,161027.95800, TradeCount = 1555,ex_dLots=1,ex_nIsNewOrder=1000000,ex_bIsNewSession=true,ex_dOpen_abs=0.200,ex_dClose_abs=0.150,ex_dOpen_ma=0.150,ex_dClose_ma=0.200,ex_nCCPeriod=50.000,ex_nMAPeriod=100.000,ex_dRenkoStep=0.100,ex_dP_ABS=500,ex_dP_MIN=100,ex_sProductType=ABC,ex_bPublishRates=true,, TRADE_VIEW_MT5, XAUUSD, Profit,-11646.78592, TradeCount = 1555,, TRADE_VIEW_MT5, USDCNH, Profit,-140278.47430, TradeCount = 1555,,
 SHGOLD, Au(T+D), Profit,171407.85320, TradeCount = 1165,ex_dLots=1,ex_nIsNewOrder=1000000,ex_bIsNewSession=true,ex_dOpen_abs=0.200,ex_dClose_abs=0.150,ex_dOpen_ma=0.150,ex_dClose_ma=0.200,ex_nCCPeriod=50.000,ex_nMAPeriod=100.000,ex_dRenkoStep=0.150,ex_dP_ABS=500,ex_dP_MIN=100,ex_sProductType=ABC,ex_bPublishRates=true,, TRADE_VIEW_MT5, XAUUSD, Profit,-7316.79720, TradeCount = 1165,, TRADE_VIEW_MT5, USDCNH, Profit,-120215.06370, TradeCount = 1165,,
 SHGOLD, Au(T+D), Profit,144427.91480, TradeCount = 1039,ex_dLots=1,ex_nIsNewOrder=1000000,ex_bIsNewSession=true,ex_dOpen_abs=0.200,ex_dClose_abs=0.150,ex_dOpen_ma=0.150,ex_dClose_ma=0.200,ex_nCCPeriod=50.000,ex_nMAPeriod=100.000,ex_dRenkoStep=0.200,ex_dP_ABS=500,ex_dP_MIN=100,ex_sProductType=ABC,ex_bPublishRates=true,, TRADE_VIEW_MT5, XAUUSD, Profit,3090.27368, TradeCount = 1039,, TRADE_VIEW_MT5, USDCNH, Profit,-119796.26360, TradeCount = 1039,,
 SHGOLD, Au(T+D), Profit,201390.67840, TradeCount = 1074,ex_dLots=1,ex_nIsNewOrder=1000000,ex_bIsNewSession=true,ex_dOpen_abs=0.200,ex_dClose_abs=0.150,ex_dOpen_ma=0.150,ex_dClose_ma=0.200,ex_nCCPeriod=100.000,ex_nMAPeriod=50.000,ex_dRenkoStep=0.100,ex_dP_ABS=500,ex_dP_MIN=100,ex_sProductType=ABC,ex_bPublishRates=true,, TRADE_VIEW_MT5, XAUUSD, Profit,-9473.60856, TradeCount = 1074,, TRADE_VIEW_MT5, USDCNH, Profit,-121428.95540, TradeCount = 1074,,
 SHGOLD, Au(T+D), Profit,143472.21080, TradeCount = 916,ex_dLots=1,ex_nIsNewOrder=1000000,ex_bIsNewSession=true,ex_dOpen_abs=0.200,ex_dClose_abs=0.150,ex_dOpen_ma=0.150,ex_dClose_ma=0.200,ex_nCCPeriod=100.000,ex_nMAPeriod=50.000,ex_dRenkoStep=0.150,ex_dP_ABS=500,ex_dP_MIN=100,ex_sProductType=ABC,ex_bPublishRates=true,, TRADE_VIEW_MT5, XAUUSD, Profit,1353.05128, TradeCount = 916,, TRADE_VIEW_MT5, USDCNH, Profit,-99582.93555, TradeCount = 916,,
 SHGOLD, Au(T+D), Profit,131623.71760, TradeCount = 778,ex_dLots=1,ex_nIsNewOrder=1000000,ex_bIsNewSession=true,ex_dOpen_abs=0.200,ex_dClose_abs=0.150,ex_dOpen_ma=0.150,ex_dClose_ma=0.200,ex_nCCPeriod=100.000,ex_nMAPeriod=50.000,ex_dRenkoStep=0.200,ex_dP_ABS=500,ex_dP_MIN=100,ex_sProductType=ABC,ex_bPublishRates=true,, TRADE_VIEW_MT5, XAUUSD, Profit,3250.29320, TradeCount = 778,, TRADE_VIEW_MT5, USDCNH, Profit,-90277.05505, TradeCount = 778,,
 SHGOLD, Au(T+D), Profit,205384.07920, TradeCount = 1231,ex_dLots=1,ex_nIsNewOrder=1000000,ex_bIsNewSession=true,ex_dOpen_abs=0.200,ex_dClose_abs=0.150,ex_dOpen_ma=0.150,ex_dClose_ma=0.200,ex_nCCPeriod=100.000,ex_nMAPeriod=100.000,ex_dRenkoStep=0.100,ex_dP_ABS=500,ex_dP_MIN=100,ex_sProductType=ABC,ex_bPublishRates=true,, TRADE_VIEW_MT5, XAUUSD, Profit,-11044.09296, TradeCount = 1231,, TRADE_VIEW_MT5, USDCNH, Profit,-127799.74265, TradeCount = 1231,,
 SHGOLD, Au(T+D), Profit,138972.67040, TradeCount = 1002,ex_dLots=1,ex_nIsNewOrder=1000000,ex_bIsNewSession=true,ex_dOpen_abs=0.200,ex_dClose_abs=0.150,ex_dOpen_ma=0.150,ex_dClose_ma=0.200,ex_nCCPeriod=100.000,ex_nMAPeriod=100.000,ex_dRenkoStep=0.150,ex_dP_ABS=500,ex_dP_MIN=100,ex_sProductType=ABC,ex_bPublishRates=true,, TRADE_VIEW_MT5, XAUUSD, Profit,2652.49920, TradeCount = 1002,, TRADE_VIEW_MT5, USDCNH, Profit,-115926.23070, TradeCount = 1002,,
 SHGOLD, Au(T+D), Profit,131582.45480, TradeCount = 857,ex_dLots=1,ex_nIsNewOrder=1000000,ex_bIsNewSession=true,ex_dOpen_abs=0.200,ex_dClose_abs=0.150,ex_dOpen_ma=0.150,ex_dClose_ma=0.200,ex_nCCPeriod=100.000,ex_nMAPeriod=100.000,ex_dRenkoStep=0.200,ex_dP_ABS=500,ex_dP_MIN=100,ex_sProductType=ABC,ex_bPublishRates=true,, TRADE_VIEW_MT5, XAUUSD, Profit,5099.74216, TradeCount = 857,, TRADE_VIEW_MT5, USDCNH, Profit,-104914.75530, TradeCount = 857,,
 SHGOLD, Au(T+D), Profit,157103.01280, TradeCount = 1478,ex_dLots=1,ex_nIsNewOrder=1000000,ex_bIsNewSession=true,ex_dOpen_abs=0.200,ex_dClose_abs=0.150,ex_dOpen_ma=0.200,ex_dClose_ma=0.150,ex_nCCPeriod=50.000,ex_nMAPeriod=50.000,ex_dRenkoStep=0.100,ex_dP_ABS=500,ex_dP_MIN=100,ex_sProductType=ABC,ex_bPublishRates=true,, TRADE_VIEW_MT5, XAUUSD, Profit,-10347.84352, TradeCount = 1478,, TRADE_VIEW_MT5, USDCNH, Profit,-135821.85285, TradeCount = 1478,,
 SHGOLD, Au(T+D), Profit,177206.45640, TradeCount = 1133,ex_dLots=1,ex_nIsNewOrder=1000000,ex_bIsNewSession=true,ex_dOpen_abs=0.200,ex_dClose_abs=0.150,ex_dOpen_ma=0.200,ex_dClose_ma=0.150,ex_nCCPeriod=50.000,ex_nMAPeriod=50.000,ex_dRenkoStep=0.150,ex_dP_ABS=500,ex_dP_MIN=100,ex_sProductType=ABC,ex_bPublishRates=true,, TRADE_VIEW_MT5, XAUUSD, Profit,-8433.34176, TradeCount = 1133,, TRADE_VIEW_MT5, USDCNH, Profit,-102152.23680, TradeCount = 1133,,
 SHGOLD, Au(T+D), Profit,162641.94320, TradeCount = 986,ex_dLots=1,ex_nIsNewOrder=1000000,ex_bIsNewSession=true,ex_dOpen_abs=0.200,ex_dClose_abs=0.150,ex_dOpen_ma=0.200,ex_dClose_ma=0.150,ex_nCCPeriod=50.000,ex_nMAPeriod=50.000,ex_dRenkoStep=0.200,ex_dP_ABS=500,ex_dP_MIN=100,ex_sProductType=ABC,ex_bPublishRates=true,, TRADE_VIEW_MT5, XAUUSD, Profit,-701.57136, TradeCount = 986,, TRADE_VIEW_MT5, USDCNH, Profit,-110093.16275, TradeCount = 986,,
 SHGOLD, Au(T+D), Profit,123796.68120, TradeCount = 1636,ex_dLots=1,ex_nIsNewOrder=1000000,ex_bIsNewSession=true,ex_dOpen_abs=0.200,ex_dClose_abs=0.150,ex_dOpen_ma=0.200,ex_dClose_ma=0.150,ex_nCCPeriod=50.000,ex_nMAPeriod=100.000,ex_dRenkoStep=0.100,ex_dP_ABS=500,ex_dP_MIN=100,ex_sProductType=ABC,ex_bPublishRates=true,, TRADE_VIEW_MT5, XAUUSD, Profit,-5134.74360, TradeCount = 1636,, TRADE_VIEW_MT5, USDCNH, Profit,-154729.95620, TradeCount = 1636,,
 SHGOLD, Au(T+D), Profit,183511.54120, TradeCount = 1221,ex_dLots=1,ex_nIsNewOrder=1000000,ex_bIsNewSession=true,ex_dOpen_abs=0.200,ex_dClose_abs=0.150,ex_dOpen_ma=0.200,ex_dClose_ma=0.150,ex_nCCPeriod=50.000,ex_nMAPeriod=100.000,ex_dRenkoStep=0.150,ex_dP_ABS=500,ex_dP_MIN=100,ex_sProductType=ABC,ex_bPublishRates=true,, TRADE_VIEW_MT5, XAUUSD, Profit,-8049.52192, TradeCount = 1221,, TRADE_VIEW_MT5, USDCNH, Profit,-127144.84410, TradeCount = 1221,,
 SHGOLD, Au(T+D), Profit,159533.28000, TradeCount = 1081,ex_dLots=1,ex_nIsNewOrder=1000000,ex_bIsNewSession=true,ex_dOpen_abs=0.200,ex_dClose_abs=0.150,ex_dOpen_ma=0.200,ex_dClose_ma=0.150,ex_nCCPeriod=50.000,ex_nMAPeriod=100.000,ex_dRenkoStep=0.200,ex_dP_ABS=500,ex_dP_MIN=100,ex_sProductType=ABC,ex_bPublishRates=true,, TRADE_VIEW_MT5, XAUUSD, Profit,-535.47384, TradeCount = 1081,, TRADE_VIEW_MT5, USDCNH, Profit,-112447.76015, TradeCount = 1081,,
 SHGOLD, Au(T+D), Profit,202614.95280, TradeCount = 1161,ex_dLots=1,ex_nIsNewOrder=1000000,ex_bIsNewSession=true,ex_dOpen_abs=0.200,ex_dClose_abs=0.150,ex_dOpen_ma=0.200,ex_dClose_ma=0.150,ex_nCCPeriod=100.000,ex_nMAPeriod=50.000,ex_dRenkoStep=0.100,ex_dP_ABS=500,ex_dP_MIN=100,ex_sProductType=ABC,ex_bPublishRates=true,, TRADE_VIEW_MT5, XAUUSD, Profit,-11012.13656, TradeCount = 1161,, TRADE_VIEW_MT5, USDCNH, Profit,-114783.52630, TradeCount = 1161,,
 SHGOLD, Au(T+D), Profit,145785.41600, TradeCount = 971,ex_dLots=1,ex_nIsNewOrder=1000000,ex_bIsNewSession=true,ex_dOpen_abs=0.200,ex_dClose_abs=0.150,ex_dOpen_ma=0.200,ex_dClose_ma=0.150,ex_nCCPeriod=100.000,ex_nMAPeriod=50.000,ex_dRenkoStep=0.150,ex_dP_ABS=500,ex_dP_MIN=100,ex_sProductType=ABC,ex_bPublishRates=true,, TRADE_VIEW_MT5, XAUUSD, Profit,379.10104, TradeCount = 971,, TRADE_VIEW_MT5, USDCNH, Profit,-99392.39320, TradeCount = 971,,
 SHGOLD, Au(T+D), Profit,134367.45880, TradeCount = 823,ex_dLots=1,ex_nIsNewOrder=1000000,ex_bIsNewSession=true,ex_dOpen_abs=0.200,ex_dClose_abs=0.150,ex_dOpen_ma=0.200,ex_dClose_ma=0.150,ex_nCCPeriod=100.000,ex_nMAPeriod=50.000,ex_dRenkoStep=0.200,ex_dP_ABS=500,ex_dP_MIN=100,ex_sProductType=ABC,ex_bPublishRates=true,, TRADE_VIEW_MT5, XAUUSD, Profit,2604.57184, TradeCount = 823,, TRADE_VIEW_MT5, USDCNH, Profit,-86358.62670, TradeCount = 823,,
 SHGOLD, Au(T+D), Profit,217658.23760, TradeCount = 1266,ex_dLots=1,ex_nIsNewOrder=1000000,ex_bIsNewSession=true,ex_dOpen_abs=0.200,ex_dClose_abs=0.150,ex_dOpen_ma=0.200,ex_dClose_ma=0.150,ex_nCCPeriod=100.000,ex_nMAPeriod=100.000,ex_dRenkoStep=0.100,ex_dP_ABS=500,ex_dP_MIN=100,ex_sProductType=ABC,ex_bPublishRates=true,, TRADE_VIEW_MT5, XAUUSD, Profit,-13471.94464, TradeCount = 1266,, TRADE_VIEW_MT5, USDCNH, Profit,-125967.06585, TradeCount = 1266,,
 SHGOLD, Au(T+D), Profit,143099.40400, TradeCount = 1053,ex_dLots=1,ex_nIsNewOrder=1000000,ex_bIsNewSession=true,ex_dOpen_abs=0.200,ex_dClose_abs=0.150,ex_dOpen_ma=0.200,ex_dClose_ma=0.150,ex_nCCPeriod=100.000,ex_nMAPeriod=100.000,ex_dRenkoStep=0.150,ex_dP_ABS=500,ex_dP_MIN=100,ex_sProductType=ABC,ex_bPublishRates=true,, TRADE_VIEW_MT5, XAUUSD, Profit,1674.83816, TradeCount = 1053,, TRADE_VIEW_MT5, USDCNH, Profit,-112257.69735, TradeCount = 1053,,
 SHGOLD, Au(T+D), Profit,128712.31760, TradeCount = 880,ex_dLots=1,ex_nIsNewOrder=1000000,ex_bIsNewSession=true,ex_dOpen_abs=0.200,ex_dClose_abs=0.150,ex_dOpen_ma=0.200,ex_dClose_ma=0.150,ex_nCCPeriod=100.000,ex_nMAPeriod=100.000,ex_dRenkoStep=0.200,ex_dP_ABS=500,ex_dP_MIN=100,ex_sProductType=ABC,ex_bPublishRates=true,, TRADE_VIEW_MT5, XAUUSD, Profit,5782.57936, TradeCount = 880,, TRADE_VIEW_MT5, USDCNH, Profit,-106441.91045, TradeCount = 880,,
 SHGOLD, Au(T+D), Profit,170518.79320, TradeCount = 1288,ex_dLots=1,ex_nIsNewOrder=1000000,ex_bIsNewSession=true,ex_dOpen_abs=0.200,ex_dClose_abs=0.150,ex_dOpen_ma=0.200,ex_dClose_ma=0.200,ex_nCCPeriod=50.000,ex_nMAPeriod=50.000,ex_dRenkoStep=0.100,ex_dP_ABS=500,ex_dP_MIN=100,ex_sProductType=ABC,ex_bPublishRates=true,, TRADE_VIEW_MT5, XAUUSD, Profit,-11876.12704, TradeCount = 1288,, TRADE_VIEW_MT5, USDCNH, Profit,-113794.56885, TradeCount = 1288,,
 SHGOLD, Au(T+D), Profit,165630.25280, TradeCount = 991,ex_dLots=1,ex_nIsNewOrder=1000000,ex_bIsNewSession=true,ex_dOpen_abs=0.200,ex_dClose_abs=0.150,ex_dOpen_ma=0.200,ex_dClose_ma=0.200,ex_nCCPeriod=50.000,ex_nMAPeriod=50.000,ex_dRenkoStep=0.150,ex_dP_ABS=500,ex_dP_MIN=100,ex_sProductType=ABC,ex_bPublishRates=true,, TRADE_VIEW_MT5, XAUUSD, Profit,-5391.49080, TradeCount = 991,, TRADE_VIEW_MT5, USDCNH, Profit,-100704.11770, TradeCount = 991,,
 SHGOLD, Au(T+D), Profit,149356.35480, TradeCount = 865,ex_dLots=1,ex_nIsNewOrder=1000000,ex_bIsNewSession=true,ex_dOpen_abs=0.200,ex_dClose_abs=0.150,ex_dOpen_ma=0.200,ex_dClose_ma=0.200,ex_nCCPeriod=50.000,ex_nMAPeriod=50.000,ex_dRenkoStep=0.200,ex_dP_ABS=500,ex_dP_MIN=100,ex_sProductType=ABC,ex_bPublishRates=true,, TRADE_VIEW_MT5, XAUUSD, Profit,239.41856, TradeCount = 865,, TRADE_VIEW_MT5, USDCNH, Profit,-90475.92225, TradeCount = 865,,
 SHGOLD, Au(T+D), Profit,152786.28120, TradeCount = 1493,ex_dLots=1,ex_nIsNewOrder=1000000,ex_bIsNewSession=true,ex_dOpen_abs=0.200,ex_dClose_abs=0.150,ex_dOpen_ma=0.200,ex_dClose_ma=0.200,ex_nCCPeriod=50.000,ex_nMAPeriod=100.000,ex_dRenkoStep=0.100,ex_dP_ABS=500,ex_dP_MIN=100,ex_sProductType=ABC,ex_bPublishRates=true,, TRADE_VIEW_MT5, XAUUSD, Profit,-9317.24632, TradeCount = 1493,, TRADE_VIEW_MT5, USDCNH, Profit,-135401.96025, TradeCount = 1493,,
 SHGOLD, Au(T+D), Profit,193511.56080, TradeCount = 1111,ex_dLots=1,ex_nIsNewOrder=1000000,ex_bIsNewSession=true,ex_dOpen_abs=0.200,ex_dClose_abs=0.150,ex_dOpen_ma=0.200,ex_dClose_ma=0.200,ex_nCCPeriod=50.000,ex_nMAPeriod=100.000,ex_dRenkoStep=0.150,ex_dP_ABS=500,ex_dP_MIN=100,ex_sProductType=ABC,ex_bPublishRates=true,, TRADE_VIEW_MT5, XAUUSD, Profit,-10104.76224, TradeCount = 1111,, TRADE_VIEW_MT5, USDCNH, Profit,-111356.40325, TradeCount = 1111,,
 SHGOLD, Au(T+D), Profit,151798.06720, TradeCount = 991,ex_dLots=1,ex_nIsNewOrder=1000000,ex_bIsNewSession=true,ex_dOpen_abs=0.200,ex_dClose_abs=0.150,ex_dOpen_ma=0.200,ex_dClose_ma=0.200,ex_nCCPeriod=50.000,ex_nMAPeriod=100.000,ex_dRenkoStep=0.200,ex_dP_ABS=500,ex_dP_MIN=100,ex_sProductType=ABC,ex_bPublishRates=true,, TRADE_VIEW_MT5, XAUUSD, Profit,1395.84184, TradeCount = 991,, TRADE_VIEW_MT5, USDCNH, Profit,-106092.83715, TradeCount = 991,,
 SHGOLD, Au(T+D), Profit,199369.23720, TradeCount = 1014,ex_dLots=1,ex_nIsNewOrder=1000000,ex_bIsNewSession=true,ex_dOpen_abs=0.200,ex_dClose_abs=0.150,ex_dOpen_ma=0.200,ex_dClose_ma=0.200,ex_nCCPeriod=100.000,ex_nMAPeriod=50.000,ex_dRenkoStep=0.100,ex_dP_ABS=500,ex_dP_MIN=100,ex_sProductType=ABC,ex_bPublishRates=true,, TRADE_VIEW_MT5, XAUUSD, Profit,-8760.29840, TradeCount = 1014,, TRADE_VIEW_MT5, USDCNH, Profit,-109101.71785, TradeCount = 1014,,
 SHGOLD, Au(T+D), Profit,135918.21160, TradeCount = 856,ex_dLots=1,ex_nIsNewOrder=1000000,ex_bIsNewSession=true,ex_dOpen_abs=0.200,ex_dClose_abs=0.150,ex_dOpen_ma=0.200,ex_dClose_ma=0.200,ex_nCCPeriod=100.000,ex_nMAPeriod=50.000,ex_dRenkoStep=0.150,ex_dP_ABS=500,ex_dP_MIN=100,ex_sProductType=ABC,ex_bPublishRates=true,, TRADE_VIEW_MT5, XAUUSD, Profit,2307.91640, TradeCount = 856,, TRADE_VIEW_MT5, USDCNH, Profit,-85765.46475, TradeCount = 856,,
 SHGOLD, Au(T+D), Profit,136971.12640, TradeCount = 736,ex_dLots=1,ex_nIsNewOrder=1000000,ex_bIsNewSession=true,ex_dOpen_abs=0.200,ex_dClose_abs=0.150,ex_dOpen_ma=0.200,ex_dClose_ma=0.200,ex_nCCPeriod=100.000,ex_nMAPeriod=50.000,ex_dRenkoStep=0.200,ex_dP_ABS=500,ex_dP_MIN=100,ex_sProductType=ABC,ex_bPublishRates=true,, TRADE_VIEW_MT5, XAUUSD, Profit,2478.71024, TradeCount = 736,, TRADE_VIEW_MT5, USDCNH, Profit,-76655.73400, TradeCount = 736,,
 SHGOLD, Au(T+D), Profit,210488.94560, TradeCount = 1148,ex_dLots=1,ex_nIsNewOrder=1000000,ex_bIsNewSession=true,ex_dOpen_abs=0.200,ex_dClose_abs=0.150,ex_dOpen_ma=0.200,ex_dClose_ma=0.200,ex_nCCPeriod=100.000,ex_nMAPeriod=100.000,ex_dRenkoStep=0.100,ex_dP_ABS=500,ex_dP_MIN=100,ex_sProductType=ABC,ex_bPublishRates=true,, TRADE_VIEW_MT5, XAUUSD, Profit,-11868.17640, TradeCount = 1148,, TRADE_VIEW_MT5, USDCNH, Profit,-118767.76455, TradeCount = 1148,,
 SHGOLD, Au(T+D), Profit,153552.17880, TradeCount = 967,ex_dLots=1,ex_nIsNewOrder=1000000,ex_bIsNewSession=true,ex_dOpen_abs=0.200,ex_dClose_abs=0.150,ex_dOpen_ma=0.200,ex_dClose_ma=0.200,ex_nCCPeriod=100.000,ex_nMAPeriod=100.000,ex_dRenkoStep=0.150,ex_dP_ABS=500,ex_dP_MIN=100,ex_sProductType=ABC,ex_bPublishRates=true,, TRADE_VIEW_MT5, XAUUSD, Profit,-70.27944, TradeCount = 967,, TRADE_VIEW_MT5, USDCNH, Profit,-98800.05695, TradeCount = 967,,
 SHGOLD, Au(T+D), Profit,121718.63480, TradeCount = 828,ex_dLots=1,ex_nIsNewOrder=1000000,ex_bIsNewSession=true,ex_dOpen_abs=0.200,ex_dClose_abs=0.150,ex_dOpen_ma=0.200,ex_dClose_ma=0.200,ex_nCCPeriod=100.000,ex_nMAPeriod=100.000,ex_dRenkoStep=0.200,ex_dP_ABS=500,ex_dP_MIN=100,ex_sProductType=ABC,ex_bPublishRates=true,, TRADE_VIEW_MT5, XAUUSD, Profit,6790.67632, TradeCount = 828,, TRADE_VIEW_MT5, USDCNH, Profit,-96916.90665, TradeCount = 828,,
 SHGOLD, Au(T+D), Profit,196465.28160, TradeCount = 1382,ex_dLots=1,ex_nIsNewOrder=1000000,ex_bIsNewSession=true,ex_dOpen_abs=0.200,ex_dClose_abs=0.200,ex_dOpen_ma=0.150,ex_dClose_ma=0.150,ex_nCCPeriod=50.000,ex_nMAPeriod=50.000,ex_dRenkoStep=0.100,ex_dP_ABS=500,ex_dP_MIN=100,ex_sProductType=ABC,ex_bPublishRates=true,, TRADE_VIEW_MT5, XAUUSD, Profit,-14122.33664, TradeCount = 1382,, TRADE_VIEW_MT5, USDCNH, Profit,-139354.39870, TradeCount = 1382,,
 SHGOLD, Au(T+D), Profit,157484.31520, TradeCount = 1034,ex_dLots=1,ex_nIsNewOrder=1000000,ex_bIsNewSession=true,ex_dOpen_abs=0.200,ex_dClose_abs=0.200,ex_dOpen_ma=0.150,ex_dClose_ma=0.150,ex_nCCPeriod=50.000,ex_nMAPeriod=50.000,ex_dRenkoStep=0.150,ex_dP_ABS=500,ex_dP_MIN=100,ex_sProductType=ABC,ex_bPublishRates=true,, TRADE_VIEW_MT5, XAUUSD, Profit,-2863.17848, TradeCount = 1034,, TRADE_VIEW_MT5, USDCNH, Profit,-119739.81355, TradeCount = 1034,,
 SHGOLD, Au(T+D), Profit,179449.43880, TradeCount = 893,ex_dLots=1,ex_nIsNewOrder=1000000,ex_bIsNewSession=true,ex_dOpen_abs=0.200,ex_dClose_abs=0.200,ex_dOpen_ma=0.150,ex_dClose_ma=0.150,ex_nCCPeriod=50.000,ex_nMAPeriod=50.000,ex_dRenkoStep=0.200,ex_dP_ABS=500,ex_dP_MIN=100,ex_sProductType=ABC,ex_bPublishRates=true,, TRADE_VIEW_MT5, XAUUSD, Profit,-2484.44480, TradeCount = 893,, TRADE_VIEW_MT5, USDCNH, Profit,-111197.06730, TradeCount = 893,,
 SHGOLD, Au(T+D), Profit,185263.51400, TradeCount = 1458,ex_dLots=1,ex_nIsNewOrder=1000000,ex_bIsNewSession=true,ex_dOpen_abs=0.200,ex_dClose_abs=0.200,ex_dOpen_ma=0.150,ex_dClose_ma=0.150,ex_nCCPeriod=50.000,ex_nMAPeriod=100.000,ex_dRenkoStep=0.100,ex_dP_ABS=500,ex_dP_MIN=100,ex_sProductType=ABC,ex_bPublishRates=true,, TRADE_VIEW_MT5, XAUUSD, Profit,-11856.23096, TradeCount = 1458,, TRADE_VIEW_MT5, USDCNH, Profit,-148359.66345, TradeCount = 1458,,
 SHGOLD, Au(T+D), Profit,186488.54040, TradeCount = 1084,ex_dLots=1,ex_nIsNewOrder=1000000,ex_bIsNewSession=true,ex_dOpen_abs=0.200,ex_dClose_abs=0.200,ex_dOpen_ma=0.150,ex_dClose_ma=0.150,ex_nCCPeriod=50.000,ex_nMAPeriod=100.000,ex_dRenkoStep=0.150,ex_dP_ABS=500,ex_dP_MIN=100,ex_sProductType=ABC,ex_bPublishRates=true,, TRADE_VIEW_MT5, XAUUSD, Profit,-6184.15432, TradeCount = 1084,, TRADE_VIEW_MT5, USDCNH, Profit,-131163.19250, TradeCount = 1084,,
 SHGOLD, Au(T+D), Profit,174190.66760, TradeCount = 939,ex_dLots=1,ex_nIsNewOrder=1000000,ex_bIsNewSession=true,ex_dOpen_abs=0.200,ex_dClose_abs=0.200,ex_dOpen_ma=0.150,ex_dClose_ma=0.150,ex_nCCPeriod=50.000,ex_nMAPeriod=100.000,ex_dRenkoStep=0.200,ex_dP_ABS=500,ex_dP_MIN=100,ex_sProductType=ABC,ex_bPublishRates=true,, TRADE_VIEW_MT5, XAUUSD, Profit,-940.22128, TradeCount = 939,, TRADE_VIEW_MT5, USDCNH, Profit,-114910.53460, TradeCount = 939,,
 SHGOLD, Au(T+D), Profit,183770.23600, TradeCount = 1052,ex_dLots=1,ex_nIsNewOrder=1000000,ex_bIsNewSession=true,ex_dOpen_abs=0.200,ex_dClose_abs=0.200,ex_dOpen_ma=0.150,ex_dClose_ma=0.150,ex_nCCPeriod=100.000,ex_nMAPeriod=50.000,ex_dRenkoStep=0.100,ex_dP_ABS=500,ex_dP_MIN=100,ex_sProductType=ABC,ex_bPublishRates=true,, TRADE_VIEW_MT5, XAUUSD, Profit,-6305.68632, TradeCount = 1052,, TRADE_VIEW_MT5, USDCNH, Profit,-120760.83300, TradeCount = 1052,,
 SHGOLD, Au(T+D), Profit,145908.13040, TradeCount = 877,ex_dLots=1,ex_nIsNewOrder=1000000,ex_bIsNewSession=true,ex_dOpen_abs=0.200,ex_dClose_abs=0.200,ex_dOpen_ma=0.150,ex_dClose_ma=0.150,ex_nCCPeriod=100.000,ex_nMAPeriod=50.000,ex_dRenkoStep=0.150,ex_dP_ABS=500,ex_dP_MIN=100,ex_sProductType=ABC,ex_bPublishRates=true,, TRADE_VIEW_MT5, XAUUSD, Profit,2245.13680, TradeCount = 877,, TRADE_VIEW_MT5, USDCNH, Profit,-106059.70220, TradeCount = 877,,
 SHGOLD, Au(T+D), Profit,135322.86440, TradeCount = 741,ex_dLots=1,ex_nIsNewOrder=1000000,ex_bIsNewSession=true,ex_dOpen_abs=0.200,ex_dClose_abs=0.200,ex_dOpen_ma=0.150,ex_dClose_ma=0.150,ex_nCCPeriod=100.000,ex_nMAPeriod=50.000,ex_dRenkoStep=0.200,ex_dP_ABS=500,ex_dP_MIN=100,ex_sProductType=ABC,ex_bPublishRates=true,, TRADE_VIEW_MT5, XAUUSD, Profit,4171.46648, TradeCount = 741,, TRADE_VIEW_MT5, USDCNH, Profit,-96550.34070, TradeCount = 741,,
 SHGOLD, Au(T+D), Profit,211284.01680, TradeCount = 1134,ex_dLots=1,ex_nIsNewOrder=1000000,ex_bIsNewSession=true,ex_dOpen_abs=0.200,ex_dClose_abs=0.200,ex_dOpen_ma=0.150,ex_dClose_ma=0.150,ex_nCCPeriod=100.000,ex_nMAPeriod=100.000,ex_dRenkoStep=0.100,ex_dP_ABS=500,ex_dP_MIN=100,ex_sProductType=ABC,ex_bPublishRates=true,, TRADE_VIEW_MT5, XAUUSD, Profit,-8893.76016, TradeCount = 1134,, TRADE_VIEW_MT5, USDCNH, Profit,-130359.29190, TradeCount = 1134,,
 SHGOLD, Au(T+D), Profit,132615.53120, TradeCount = 930,ex_dLots=1,ex_nIsNewOrder=1000000,ex_bIsNewSession=true,ex_dOpen_abs=0.200,ex_dClose_abs=0.200,ex_dOpen_ma=0.150,ex_dClose_ma=0.150,ex_nCCPeriod=100.000,ex_nMAPeriod=100.000,ex_dRenkoStep=0.150,ex_dP_ABS=500,ex_dP_MIN=100,ex_sProductType=ABC,ex_bPublishRates=true,, TRADE_VIEW_MT5, XAUUSD, Profit,4600.10792, TradeCount = 930,, TRADE_VIEW_MT5, USDCNH, Profit,-103383.23935, TradeCount = 930,,
 SHGOLD, Au(T+D), Profit,144977.25640, TradeCount = 777,ex_dLots=1,ex_nIsNewOrder=1000000,ex_bIsNewSession=true,ex_dOpen_abs=0.200,ex_dClose_abs=0.200,ex_dOpen_ma=0.150,ex_dClose_ma=0.150,ex_nCCPeriod=100.000,ex_nMAPeriod=100.000,ex_dRenkoStep=0.200,ex_dP_ABS=500,ex_dP_MIN=100,ex_sProductType=ABC,ex_bPublishRates=true,, TRADE_VIEW_MT5, XAUUSD, Profit,2984.74112, TradeCount = 777,, TRADE_VIEW_MT5, USDCNH, Profit,-93853.09390, TradeCount = 777,,
 SHGOLD, Au(T+D), Profit,171902.97320, TradeCount = 1203,ex_dLots=1,ex_nIsNewOrder=1000000,ex_bIsNewSession=true,ex_dOpen_abs=0.200,ex_dClose_abs=0.200,ex_dOpen_ma=0.150,ex_dClose_ma=0.200,ex_nCCPeriod=50.000,ex_nMAPeriod=50.000,ex_dRenkoStep=0.100,ex_dP_ABS=500,ex_dP_MIN=100,ex_sProductType=ABC,ex_bPublishRates=true,, TRADE_VIEW_MT5, XAUUSD, Profit,-10424.52072, TradeCount = 1203,, TRADE_VIEW_MT5, USDCNH, Profit,-110395.37125, TradeCount = 1203,,
 SHGOLD, Au(T+D), Profit,177494.25560, TradeCount = 891,ex_dLots=1,ex_nIsNewOrder=1000000,ex_bIsNewSession=true,ex_dOpen_abs=0.200,ex_dClose_abs=0.200,ex_dOpen_ma=0.150,ex_dClose_ma=0.200,ex_nCCPeriod=50.000,ex_nMAPeriod=50.000,ex_dRenkoStep=0.150,ex_dP_ABS=500,ex_dP_MIN=100,ex_sProductType=ABC,ex_bPublishRates=true,, TRADE_VIEW_MT5, XAUUSD, Profit,-7113.70544, TradeCount = 891,, TRADE_VIEW_MT5, USDCNH, Profit,-94200.03970, TradeCount = 891,,
 SHGOLD, Au(T+D), Profit,139747.05800, TradeCount = 798,ex_dLots=1,ex_nIsNewOrder=1000000,ex_bIsNewSession=true,ex_dOpen_abs=0.200,ex_dClose_abs=0.200,ex_dOpen_ma=0.150,ex_dClose_ma=0.200,ex_nCCPeriod=50.000,ex_nMAPeriod=50.000,ex_dRenkoStep=0.200,ex_dP_ABS=500,ex_dP_MIN=100,ex_sProductType=ABC,ex_bPublishRates=true,, TRADE_VIEW_MT5, XAUUSD, Profit,2406.24744, TradeCount = 798,, TRADE_VIEW_MT5, USDCNH, Profit,-79574.74795, TradeCount = 798,,
 SHGOLD, Au(T+D), Profit,191792.68560, TradeCount = 1331,ex_dLots=1,ex_nIsNewOrder=1000000,ex_bIsNewSession=true,ex_dOpen_abs=0.200,ex_dClose_abs=0.200,ex_dOpen_ma=0.150,ex_dClose_ma=0.200,ex_nCCPeriod=50.000,ex_nMAPeriod=100.000,ex_dRenkoStep=0.100,ex_dP_ABS=500,ex_dP_MIN=100,ex_sProductType=ABC,ex_bPublishRates=true,, TRADE_VIEW_MT5, XAUUSD, Profit,-13978.85816, TradeCount = 1331,, TRADE_VIEW_MT5, USDCNH, Profit,-122635.97240, TradeCount = 1331,,
 SHGOLD, Au(T+D), Profit,167210.17640, TradeCount = 997,ex_dLots=1,ex_nIsNewOrder=1000000,ex_bIsNewSession=true,ex_dOpen_abs=0.200,ex_dClose_abs=0.200,ex_dOpen_ma=0.150,ex_dClose_ma=0.200,ex_nCCPeriod=50.000,ex_nMAPeriod=100.000,ex_dRenkoStep=0.150,ex_dP_ABS=500,ex_dP_MIN=100,ex_sProductType=ABC,ex_bPublishRates=true,, TRADE_VIEW_MT5, XAUUSD, Profit,-3810.95136, TradeCount = 997,, TRADE_VIEW_MT5, USDCNH, Profit,-120418.30780, TradeCount = 997,,
 SHGOLD, Au(T+D), Profit,143081.41080, TradeCount = 877,ex_dLots=1,ex_nIsNewOrder=1000000,ex_bIsNewSession=true,ex_dOpen_abs=0.200,ex_dClose_abs=0.200,ex_dOpen_ma=0.150,ex_dClose_ma=0.200,ex_nCCPeriod=50.000,ex_nMAPeriod=100.000,ex_dRenkoStep=0.200,ex_dP_ABS=500,ex_dP_MIN=100,ex_sProductType=ABC,ex_bPublishRates=true,, TRADE_VIEW_MT5, XAUUSD, Profit,4658.70456, TradeCount = 877,, TRADE_VIEW_MT5, USDCNH, Profit,-110407.48305, TradeCount = 877,,
 SHGOLD, Au(T+D), Profit,200216.67720, TradeCount = 909,ex_dLots=1,ex_nIsNewOrder=1000000,ex_bIsNewSession=true,ex_dOpen_abs=0.200,ex_dClose_abs=0.200,ex_dOpen_ma=0.150,ex_dClose_ma=0.200,ex_nCCPeriod=100.000,ex_nMAPeriod=50.000,ex_dRenkoStep=0.100,ex_dP_ABS=500,ex_dP_MIN=100,ex_sProductType=ABC,ex_bPublishRates=true,, TRADE_VIEW_MT5, XAUUSD, Profit,-8290.27400, TradeCount = 909,, TRADE_VIEW_MT5, USDCNH, Profit,-100981.72885, TradeCount = 909,,
 SHGOLD, Au(T+D), Profit,117461.95120, TradeCount = 780,ex_dLots=1,ex_nIsNewOrder=1000000,ex_bIsNewSession=true,ex_dOpen_abs=0.200,ex_dClose_abs=0.200,ex_dOpen_ma=0.150,ex_dClose_ma=0.200,ex_nCCPeriod=100.000,ex_nMAPeriod=50.000,ex_dRenkoStep=0.150,ex_dP_ABS=500,ex_dP_MIN=100,ex_sProductType=ABC,ex_bPublishRates=true,, TRADE_VIEW_MT5, XAUUSD, Profit,5565.23520, TradeCount = 780,, TRADE_VIEW_MT5, USDCNH, Profit,-74782.87850, TradeCount = 780,,
 SHGOLD, Au(T+D), Profit,122853.82920, TradeCount = 664,ex_dLots=1,ex_nIsNewOrder=1000000,ex_bIsNewSession=true,ex_dOpen_abs=0.200,ex_dClose_abs=0.200,ex_dOpen_ma=0.150,ex_dClose_ma=0.200,ex_nCCPeriod=100.000,ex_nMAPeriod=50.000,ex_dRenkoStep=0.200,ex_dP_ABS=500,ex_dP_MIN=100,ex_sProductType=ABC,ex_bPublishRates=true,, TRADE_VIEW_MT5, XAUUSD, Profit,5217.17832, TradeCount = 664,, TRADE_VIEW_MT5, USDCNH, Profit,-75136.38735, TradeCount = 664,,
 SHGOLD, Au(T+D), Profit,186022.56480, TradeCount = 1016,ex_dLots=1,ex_nIsNewOrder=1000000,ex_bIsNewSession=true,ex_dOpen_abs=0.200,ex_dClose_abs=0.200,ex_dOpen_ma=0.150,ex_dClose_ma=0.200,ex_nCCPeriod=100.000,ex_nMAPeriod=100.000,ex_dRenkoStep=0.100,ex_dP_ABS=500,ex_dP_MIN=100,ex_sProductType=ABC,ex_bPublishRates=true,, TRADE_VIEW_MT5, XAUUSD, Profit,-6836.27800, TradeCount = 1016,, TRADE_VIEW_MT5, USDCNH, Profit,-108234.13945, TradeCount = 1016,,
 SHGOLD, Au(T+D), Profit,148145.31080, TradeCount = 854,ex_dLots=1,ex_nIsNewOrder=1000000,ex_bIsNewSession=true,ex_dOpen_abs=0.200,ex_dClose_abs=0.200,ex_dOpen_ma=0.150,ex_dClose_ma=0.200,ex_nCCPeriod=100.000,ex_nMAPeriod=100.000,ex_dRenkoStep=0.150,ex_dP_ABS=500,ex_dP_MIN=100,ex_sProductType=ABC,ex_bPublishRates=true,, TRADE_VIEW_MT5, XAUUSD, Profit,2730.60160, TradeCount = 854,, TRADE_VIEW_MT5, USDCNH, Profit,-98823.13400, TradeCount = 854,,
 SHGOLD, Au(T+D), Profit,150177.30920, TradeCount = 729,ex_dLots=1,ex_nIsNewOrder=1000000,ex_bIsNewSession=true,ex_dOpen_abs=0.200,ex_dClose_abs=0.200,ex_dOpen_ma=0.150,ex_dClose_ma=0.200,ex_nCCPeriod=100.000,ex_nMAPeriod=100.000,ex_dRenkoStep=0.200,ex_dP_ABS=500,ex_dP_MIN=100,ex_sProductType=ABC,ex_bPublishRates=true,, TRADE_VIEW_MT5, XAUUSD, Profit,2718.55216, TradeCount = 729,, TRADE_VIEW_MT5, USDCNH, Profit,-90491.92105, TradeCount = 729,,
 SHGOLD, Au(T+D), Profit,174202.77240, TradeCount = 1274,ex_dLots=1,ex_nIsNewOrder=1000000,ex_bIsNewSession=true,ex_dOpen_abs=0.200,ex_dClose_abs=0.200,ex_dOpen_ma=0.200,ex_dClose_ma=0.150,ex_nCCPeriod=50.000,ex_nMAPeriod=50.000,ex_dRenkoStep=0.100,ex_dP_ABS=500,ex_dP_MIN=100,ex_sProductType=ABC,ex_bPublishRates=true,, TRADE_VIEW_MT5, XAUUSD, Profit,-10578.03712, TradeCount = 1274,, TRADE_VIEW_MT5, USDCNH, Profit,-115000.96830, TradeCount = 1274,,
 SHGOLD, Au(T+D), Profit,171952.52760, TradeCount = 953,ex_dLots=1,ex_nIsNewOrder=1000000,ex_bIsNewSession=true,ex_dOpen_abs=0.200,ex_dClose_abs=0.200,ex_dOpen_ma=0.200,ex_dClose_ma=0.150,ex_nCCPeriod=50.000,ex_nMAPeriod=50.000,ex_dRenkoStep=0.150,ex_dP_ABS=500,ex_dP_MIN=100,ex_sProductType=ABC,ex_bPublishRates=true,, TRADE_VIEW_MT5, XAUUSD, Profit,-6094.62024, TradeCount = 953,, TRADE_VIEW_MT5, USDCNH, Profit,-96115.19795, TradeCount = 953,,
 SHGOLD, Au(T+D), Profit,176132.31000, TradeCount = 829,ex_dLots=1,ex_nIsNewOrder=1000000,ex_bIsNewSession=true,ex_dOpen_abs=0.200,ex_dClose_abs=0.200,ex_dOpen_ma=0.200,ex_dClose_ma=0.150,ex_nCCPeriod=50.000,ex_nMAPeriod=50.000,ex_dRenkoStep=0.200,ex_dP_ABS=500,ex_dP_MIN=100,ex_sProductType=ABC,ex_bPublishRates=true,, TRADE_VIEW_MT5, XAUUSD, Profit,-3112.96200, TradeCount = 829,, TRADE_VIEW_MT5, USDCNH, Profit,-84231.14395, TradeCount = 829,,
 SHGOLD, Au(T+D), Profit,176516.02200, TradeCount = 1381,ex_dLots=1,ex_nIsNewOrder=1000000,ex_bIsNewSession=true,ex_dOpen_abs=0.200,ex_dClose_abs=0.200,ex_dOpen_ma=0.200,ex_dClose_ma=0.150,ex_nCCPeriod=50.000,ex_nMAPeriod=100.000,ex_dRenkoStep=0.100,ex_dP_ABS=500,ex_dP_MIN=100,ex_sProductType=ABC,ex_bPublishRates=true,, TRADE_VIEW_MT5, XAUUSD, Profit,-10643.18968, TradeCount = 1381,, TRADE_VIEW_MT5, USDCNH, Profit,-132620.02975, TradeCount = 1381,,
 SHGOLD, Au(T+D), Profit,175891.16880, TradeCount = 1024,ex_dLots=1,ex_nIsNewOrder=1000000,ex_bIsNewSession=true,ex_dOpen_abs=0.200,ex_dClose_abs=0.200,ex_dOpen_ma=0.200,ex_dClose_ma=0.150,ex_nCCPeriod=50.000,ex_nMAPeriod=100.000,ex_dRenkoStep=0.150,ex_dP_ABS=500,ex_dP_MIN=100,ex_sProductType=ABC,ex_bPublishRates=true,, TRADE_VIEW_MT5, XAUUSD, Profit,-4085.48800, TradeCount = 1024,, TRADE_VIEW_MT5, USDCNH, Profit,-124704.28880, TradeCount = 1024,,
 SHGOLD, Au(T+D), Profit,174433.71920, TradeCount = 902,ex_dLots=1,ex_nIsNewOrder=1000000,ex_bIsNewSession=true,ex_dOpen_abs=0.200,ex_dClose_abs=0.200,ex_dOpen_ma=0.200,ex_dClose_ma=0.150,ex_nCCPeriod=50.000,ex_nMAPeriod=100.000,ex_dRenkoStep=0.200,ex_dP_ABS=500,ex_dP_MIN=100,ex_sProductType=ABC,ex_bPublishRates=true,, TRADE_VIEW_MT5, XAUUSD, Profit,-751.47120, TradeCount = 902,, TRADE_VIEW_MT5, USDCNH, Profit,-104268.15630, TradeCount = 902,,
 SHGOLD, Au(T+D), Profit,177899.25520, TradeCount = 974,ex_dLots=1,ex_nIsNewOrder=1000000,ex_bIsNewSession=true,ex_dOpen_abs=0.200,ex_dClose_abs=0.200,ex_dOpen_ma=0.200,ex_dClose_ma=0.150,ex_nCCPeriod=100.000,ex_nMAPeriod=50.000,ex_dRenkoStep=0.100,ex_dP_ABS=500,ex_dP_MIN=100,ex_sProductType=ABC,ex_bPublishRates=true,, TRADE_VIEW_MT5, XAUUSD, Profit,-5139.50648, TradeCount = 974,, TRADE_VIEW_MT5, USDCNH, Profit,-103074.81280, TradeCount = 974,,
 SHGOLD, Au(T+D), Profit,148186.44720, TradeCount = 806,ex_dLots=1,ex_nIsNewOrder=1000000,ex_bIsNewSession=true,ex_dOpen_abs=0.200,ex_dClose_abs=0.200,ex_dOpen_ma=0.200,ex_dClose_ma=0.150,ex_nCCPeriod=100.000,ex_nMAPeriod=50.000,ex_dRenkoStep=0.150,ex_dP_ABS=500,ex_dP_MIN=100,ex_sProductType=ABC,ex_bPublishRates=true,, TRADE_VIEW_MT5, XAUUSD, Profit,1937.61288, TradeCount = 806,, TRADE_VIEW_MT5, USDCNH, Profit,-89194.37835, TradeCount = 806,,
 SHGOLD, Au(T+D), Profit,141248.46880, TradeCount = 690,ex_dLots=1,ex_nIsNewOrder=1000000,ex_bIsNewSession=true,ex_dOpen_abs=0.200,ex_dClose_abs=0.200,ex_dOpen_ma=0.200,ex_dClose_ma=0.150,ex_nCCPeriod=100.000,ex_nMAPeriod=50.000,ex_dRenkoStep=0.200,ex_dP_ABS=500,ex_dP_MIN=100,ex_sProductType=ABC,ex_bPublishRates=true,, TRADE_VIEW_MT5, XAUUSD, Profit,2872.35912, TradeCount = 690,, TRADE_VIEW_MT5, USDCNH, Profit,-79598.28960, TradeCount = 690,,
 SHGOLD, Au(T+D), Profit,204065.27200, TradeCount = 1071,ex_dLots=1,ex_nIsNewOrder=1000000,ex_bIsNewSession=true,ex_dOpen_abs=0.200,ex_dClose_abs=0.200,ex_dOpen_ma=0.200,ex_dClose_ma=0.150,ex_nCCPeriod=100.000,ex_nMAPeriod=100.000,ex_dRenkoStep=0.100,ex_dP_ABS=500,ex_dP_MIN=100,ex_sProductType=ABC,ex_bPublishRates=true,, TRADE_VIEW_MT5, XAUUSD, Profit,-7955.09424, TradeCount = 1071,, TRADE_VIEW_MT5, USDCNH, Profit,-117031.48305, TradeCount = 1071,,
 SHGOLD, Au(T+D), Profit,144760.56760, TradeCount = 883,ex_dLots=1,ex_nIsNewOrder=1000000,ex_bIsNewSession=true,ex_dOpen_abs=0.200,ex_dClose_abs=0.200,ex_dOpen_ma=0.200,ex_dClose_ma=0.150,ex_nCCPeriod=100.000,ex_nMAPeriod=100.000,ex_dRenkoStep=0.150,ex_dP_ABS=500,ex_dP_MIN=100,ex_sProductType=ABC,ex_bPublishRates=true,, TRADE_VIEW_MT5, XAUUSD, Profit,2803.23992, TradeCount = 883,, TRADE_VIEW_MT5, USDCNH, Profit,-94821.91485, TradeCount = 883,,
 SHGOLD, Au(T+D), Profit,151589.29600, TradeCount = 744,ex_dLots=1,ex_nIsNewOrder=1000000,ex_bIsNewSession=true,ex_dOpen_abs=0.200,ex_dClose_abs=0.200,ex_dOpen_ma=0.200,ex_dClose_ma=0.150,ex_nCCPeriod=100.000,ex_nMAPeriod=100.000,ex_dRenkoStep=0.200,ex_dP_ABS=500,ex_dP_MIN=100,ex_sProductType=ABC,ex_bPublishRates=true,, TRADE_VIEW_MT5, XAUUSD, Profit,2317.40616, TradeCount = 744,, TRADE_VIEW_MT5, USDCNH, Profit,-88214.60365, TradeCount = 744,,
 SHGOLD, Au(T+D), Profit,170186.62480, TradeCount = 1142,ex_dLots=1,ex_nIsNewOrder=1000000,ex_bIsNewSession=true,ex_dOpen_abs=0.200,ex_dClose_abs=0.200,ex_dOpen_ma=0.200,ex_dClose_ma=0.200,ex_nCCPeriod=50.000,ex_nMAPeriod=50.000,ex_dRenkoStep=0.100,ex_dP_ABS=500,ex_dP_MIN=100,ex_sProductType=ABC,ex_bPublishRates=true,, TRADE_VIEW_MT5, XAUUSD, Profit,-9038.20192, TradeCount = 1142,, TRADE_VIEW_MT5, USDCNH, Profit,-104524.18770, TradeCount = 1142,,
 SHGOLD, Au(T+D), Profit,165046.91280, TradeCount = 859,ex_dLots=1,ex_nIsNewOrder=1000000,ex_bIsNewSession=true,ex_dOpen_abs=0.200,ex_dClose_abs=0.200,ex_dOpen_ma=0.200,ex_dClose_ma=0.200,ex_nCCPeriod=50.000,ex_nMAPeriod=50.000,ex_dRenkoStep=0.150,ex_dP_ABS=500,ex_dP_MIN=100,ex_sProductType=ABC,ex_bPublishRates=true,, TRADE_VIEW_MT5, XAUUSD, Profit,-3873.47024, TradeCount = 859,, TRADE_VIEW_MT5, USDCNH, Profit,-94141.31610, TradeCount = 859,,
 SHGOLD, Au(T+D), Profit,138885.51040, TradeCount = 755,ex_dLots=1,ex_nIsNewOrder=1000000,ex_bIsNewSession=true,ex_dOpen_abs=0.200,ex_dClose_abs=0.200,ex_dOpen_ma=0.200,ex_dClose_ma=0.200,ex_nCCPeriod=50.000,ex_nMAPeriod=50.000,ex_dRenkoStep=0.200,ex_dP_ABS=500,ex_dP_MIN=100,ex_sProductType=ABC,ex_bPublishRates=true,, TRADE_VIEW_MT5, XAUUSD, Profit,2399.68056, TradeCount = 755,, TRADE_VIEW_MT5, USDCNH, Profit,-73392.70330, TradeCount = 755,,
 SHGOLD, Au(T+D), Profit,180696.40960, TradeCount = 1305,ex_dLots=1,ex_nIsNewOrder=1000000,ex_bIsNewSession=true,ex_dOpen_abs=0.200,ex_dClose_abs=0.200,ex_dOpen_ma=0.200,ex_dClose_ma=0.200,ex_nCCPeriod=50.000,ex_nMAPeriod=100.000,ex_dRenkoStep=0.100,ex_dP_ABS=500,ex_dP_MIN=100,ex_sProductType=ABC,ex_bPublishRates=true,, TRADE_VIEW_MT5, XAUUSD, Profit,-11553.12648, TradeCount = 1305,, TRADE_VIEW_MT5, USDCNH, Profit,-118072.02145, TradeCount = 1305,,
 SHGOLD, Au(T+D), Profit,176035.61240, TradeCount = 962,ex_dLots=1,ex_nIsNewOrder=1000000,ex_bIsNewSession=true,ex_dOpen_abs=0.200,ex_dClose_abs=0.200,ex_dOpen_ma=0.200,ex_dClose_ma=0.200,ex_nCCPeriod=50.000,ex_nMAPeriod=100.000,ex_dRenkoStep=0.150,ex_dP_ABS=500,ex_dP_MIN=100,ex_sProductType=ABC,ex_bPublishRates=true,, TRADE_VIEW_MT5, XAUUSD, Profit,-4912.18344, TradeCount = 962,, TRADE_VIEW_MT5, USDCNH, Profit,-113533.02090, TradeCount = 962,,
 SHGOLD, Au(T+D), Profit,162454.43520, TradeCount = 849,ex_dLots=1,ex_nIsNewOrder=1000000,ex_bIsNewSession=true,ex_dOpen_abs=0.200,ex_dClose_abs=0.200,ex_dOpen_ma=0.200,ex_dClose_ma=0.200,ex_nCCPeriod=50.000,ex_nMAPeriod=100.000,ex_dRenkoStep=0.200,ex_dP_ABS=500,ex_dP_MIN=100,ex_sProductType=ABC,ex_bPublishRates=true,, TRADE_VIEW_MT5, XAUUSD, Profit,1400.53680, TradeCount = 849,, TRADE_VIEW_MT5, USDCNH, Profit,-101549.24810, TradeCount = 849,,
 SHGOLD, Au(T+D), Profit,193479.23640, TradeCount = 876,ex_dLots=1,ex_nIsNewOrder=1000000,ex_bIsNewSession=true,ex_dOpen_abs=0.200,ex_dClose_abs=0.200,ex_dOpen_ma=0.200,ex_dClose_ma=0.200,ex_nCCPeriod=100.000,ex_nMAPeriod=50.000,ex_dRenkoStep=0.100,ex_dP_ABS=500,ex_dP_MIN=100,ex_sProductType=ABC,ex_bPublishRates=true,, TRADE_VIEW_MT5, XAUUSD, Profit,-7146.69992, TradeCount = 876,, TRADE_VIEW_MT5, USDCNH, Profit,-91818.87730, TradeCount = 876,,
 SHGOLD, Au(T+D), Profit,117583.31200, TradeCount = 733,ex_dLots=1,ex_nIsNewOrder=1000000,ex_bIsNewSession=true,ex_dOpen_abs=0.200,ex_dClose_abs=0.200,ex_dOpen_ma=0.200,ex_dClose_ma=0.200,ex_nCCPeriod=100.000,ex_nMAPeriod=50.000,ex_dRenkoStep=0.150,ex_dP_ABS=500,ex_dP_MIN=100,ex_sProductType=ABC,ex_bPublishRates=true,, TRADE_VIEW_MT5, XAUUSD, Profit,5858.40920, TradeCount = 733,, TRADE_VIEW_MT5, USDCNH, Profit,-70889.04520, TradeCount = 733,,
 SHGOLD, Au(T+D), Profit,133024.15720, TradeCount = 636,ex_dLots=1,ex_nIsNewOrder=1000000,ex_bIsNewSession=true,ex_dOpen_abs=0.200,ex_dClose_abs=0.200,ex_dOpen_ma=0.200,ex_dClose_ma=0.200,ex_nCCPeriod=100.000,ex_nMAPeriod=50.000,ex_dRenkoStep=0.200,ex_dP_ABS=500,ex_dP_MIN=100,ex_sProductType=ABC,ex_bPublishRates=true,, TRADE_VIEW_MT5, XAUUSD, Profit,3731.16800, TradeCount = 636,, TRADE_VIEW_MT5, USDCNH, Profit,-67826.07770, TradeCount = 636,,
 SHGOLD, Au(T+D), Profit,194755.15160, TradeCount = 984,ex_dLots=1,ex_nIsNewOrder=1000000,ex_bIsNewSession=true,ex_dOpen_abs=0.200,ex_dClose_abs=0.200,ex_dOpen_ma=0.200,ex_dClose_ma=0.200,ex_nCCPeriod=100.000,ex_nMAPeriod=100.000,ex_dRenkoStep=0.100,ex_dP_ABS=500,ex_dP_MIN=100,ex_sProductType=ABC,ex_bPublishRates=true,, TRADE_VIEW_MT5, XAUUSD, Profit,-8097.42936, TradeCount = 984,, TRADE_VIEW_MT5, USDCNH, Profit,-100294.20135, TradeCount = 984,,
 SHGOLD, Au(T+D), Profit,153382.25560, TradeCount = 828,ex_dLots=1,ex_nIsNewOrder=1000000,ex_bIsNewSession=true,ex_dOpen_abs=0.200,ex_dClose_abs=0.200,ex_dOpen_ma=0.200,ex_dClose_ma=0.200,ex_nCCPeriod=100.000,ex_nMAPeriod=100.000,ex_dRenkoStep=0.150,ex_dP_ABS=500,ex_dP_MIN=100,ex_sProductType=ABC,ex_bPublishRates=true,, TRADE_VIEW_MT5, XAUUSD, Profit,2280.31728, TradeCount = 828,, TRADE_VIEW_MT5, USDCNH, Profit,-93399.33035, TradeCount = 828,,
 SHGOLD, Au(T+D), Profit,152529.66080, TradeCount = 715,ex_dLots=1,ex_nIsNewOrder=1000000,ex_bIsNewSession=true,ex_dOpen_abs=0.200,ex_dClose_abs=0.200,ex_dOpen_ma=0.200,ex_dClose_ma=0.200,ex_nCCPeriod=100.000,ex_nMAPeriod=100.000,ex_dRenkoStep=0.200,ex_dP_ABS=500,ex_dP_MIN=100,ex_sProductType=ABC,ex_bPublishRates=true,, TRADE_VIEW_MT5, XAUUSD, Profit,2250.12128, TradeCount = 715,, TRADE_VIEW_MT5, USDCNH, Profit,-82328.30220, TradeCount = 715,,
